# Table A; Table B; First-insert; Cardinality; Join-condition; Name; Author
AAA_MODULE_RIGHT; AAA_MODULE_RIGHT; ; 1:n; q; q; Data Model Editor; ; 
AAA_ROLE_MODULE_RIGHT_MAP; AAA_MODULE_RIGHT; B; n:1; A.R_AAA_MODULE_RIGHT=B.OID; AAA_ROLE_MODULE_RIGHT_MAP_TO_AAA_MODULE_RIGHT; DB:script/db2/selectAssociations.sql; ; 
AAA_ROLE_MODULE_RIGHT_MAP; AAA_ROLE; B; n:1; A.R_AAA_ROLE=B.OID; AAA_ROLE_MODULE_RIGHT_MAP_TO_AAA_ROLE; DB:script/db2/selectAssociations.sql; ; 
AAA_ROLE_PROPERTY; AAA_ROLE; B; n:1; A.R_AAA_ROLE=B.OID; A1; ; 
AAA_USER; AAA_USER_NAMESPACE; B; n:1; A.R_NAMESPACE=B.OID; AAA_USER_TO_AAA_USER_NAMESPACE; DB:script/db2/selectAssociations.sql; ; 
AAA_USER_NAMESPACE_PROPERTY; AAA_USER_NAMESPACE; B; n:1; A.R_AAA_USER_NAMESPACE=B.OID; AAA_USER_NAMESPACE_PROPERTY_TO_AAA_USER_NAMESPACE; DB:script/db2/selectAssociations.sql; ; 
AAA_USER_NAMESPACE_PROPERTY; CARRIER; ; n:1; (CASE WHEN A.R_VALUE_TYPE=2003 THEN BIGINT(A.VALUE) ELSE NULL END)=B.OID AND RTRIM(CHAR(B.OID))=A.VALUE; AAA_USER_NAMESPACE_PROPERTY_TO_CARRIER; aaausernamespace.bsh, property with BO as value; ; 
AAA_USER_NAMESPACE_PROPERTY; CARRIER_GROUP; ; n:1; (CASE WHEN A.R_VALUE_TYPE=2078 THEN BIGINT(A.VALUE) ELSE NULL END)=B.OID AND RTRIM(CHAR(B.OID))=A.VALUE; AAA_USER_NAMESPACE_PROPERTY_TO_CARRIER_GROUP; aaausernamespace.bsh, property with BO as value; ; 
AAA_USER_NAMESPACE_PROPERTY; VALUE_TYPE; B; n:1; A.R_VALUE_TYPE=B.OID; AAA_USER_NAMESPACE_PROPERTY_TO_VALUE_TYPE; DB:script/db2/selectAssociations.sql; ; 
AAA_USER_PROPERTY; AAA_USER; B; n:1; A.R_AAA_USER=B.OID; AAA_USER_PROPERTY_TO_AAA_USER; DB:script/db2/selectAssociations.sql; ; 
AAA_USER_PROPERTY; VALUE_TYPE; B; n:1; A.R_VALUE_TYPE=B.OID; AAA_USER_PROPERTY_TO_VALUE_TYPE; DB:script/db2/selectAssociations.sql; ; 
AAA_USER_ROLE_MAP; AAA_ROLE; B; n:1; A.R_AAA_ROLE=B.OID; AAA_USER_ROLE_MAP_TO_AAA_ROLE; DB:script/db2/selectAssociations.sql; ; 
AAA_USER_ROLE_MAP; AAA_USER; B; n:1; A.R_AAA_USER=B.OID; AAA_USER_ROLE_MAP_TO_AAA_USER; DB:script/db2/selectAssociations.sql; ; 
ACCOUNT; ACCOUNT_TYPE; B; n:1; A.R_ACCOUNT_TYPE=B.OID; ACCOUNT_TO_ACCOUNT_TYPE; DB:script/db2/selectAssociations.sql; ; 
ACCOUNT; CARRIER; ; n:1; A.BE_TYPE_OWNER='C' AND A.R_BE_OWNER=B.OID; ACCOUNT_TO_CARRIER; account.bsh, ref to BE; ; 
ACCOUNT; CARRIER; ; n:1; A.BE_TYPE_DRAWEE='C' AND A.R_BE_DRAWEE=B.OID; ACCOUNT_TO_CARRIER_1; account.bsh, ref to BE; ; 
ACCOUNT; CARRIER; ; n:1; A.BE_TYPE_MAJOR_OWNER='C' AND A.R_BE_MAJOR_OWNER=B.OID; ACCOUNT_TO_CARRIER_2; account.bsh, ref to BE; ; 
ACCOUNT; CARRIER; ; n:1; A.BE_TYPE_MAJOR_DRAWEE='C' AND A.R_BE_MAJOR_DRAWEE=B.OID; ACCOUNT_TO_CARRIER_3; account.bsh, ref to BE; ; 
ACCOUNT; CARRIER_GROUP; ; n:1; A.BE_TYPE_DRAWEE='G' AND A.R_BE_DRAWEE=B.OID; ACCOUNT_TO_CARRIER_GROUP; account.bsh, ref to BE; ; 
ACCOUNT; COLLECTIONSERVICE; ; n:1; A.BE_TYPE_OWNER='S' AND A.R_BE_OWNER=B.OID; ACCOUNT_TO_COLLECTIONSERVICE; account.bsh, ref to BE; ; 
ACCOUNT; COLLECTIONSERVICE; ; n:1; A.BE_TYPE_DRAWEE='S' AND A.R_BE_DRAWEE=B.OID; ACCOUNT_TO_COLLECTIONSERVICE_1; account.bsh, ref to BE; ; 
ACCOUNT; COLLECTIONSERVICE; ; n:1; A.BE_TYPE_MAJOR_OWNER='S' AND A.R_BE_MAJOR_OWNER=B.OID; ACCOUNT_TO_COLLECTIONSERVICE_2; account.bsh, ref to BE; ; 
ACCOUNT; COLLECTIONSERVICE; ; n:1; A.BE_TYPE_MAJOR_DRAWEE='S' AND A.R_BE_MAJOR_DRAWEE=B.OID; ACCOUNT_TO_COLLECTIONSERVICE_3; account.bsh, ref to BE; ; 
ACCOUNT; LOCALOPERATOR; ; n:1; A.BE_TYPE_OWNER='L' AND A.R_BE_OWNER=B.OID; ACCOUNT_TO_LOCALOPERATOR; account.bsh, ref to BE; ; 
ACCOUNT; LOCALOPERATOR; ; n:1; A.BE_TYPE_DRAWEE='L' AND A.R_BE_DRAWEE=B.OID; ACCOUNT_TO_LOCALOPERATOR_1; account.bsh, ref to BE; ; 
ACCOUNT; LOCALOPERATOR; ; n:1; A.BE_TYPE_MAJOR_OWNER='L' AND A.R_BE_MAJOR_OWNER=B.OID; ACCOUNT_TO_LOCALOPERATOR_2; account.bsh, ref to BE; ; 
ACCOUNT; LOCALOPERATOR; ; n:1; A.BE_TYPE_MAJOR_DRAWEE='L' AND A.R_BE_MAJOR_DRAWEE=B.OID; ACCOUNT_TO_LOCALOPERATOR_3; account.bsh, ref to BE; ; 
ACCOUNT; MOP; ; n:1; A.BE_TYPE_OWNER='M' AND A.R_BE_OWNER=B.OID; ACCOUNT_TO_MOP; account.bsh, ref to BE; ; 
ACCOUNT; MOP; ; n:1; A.BE_TYPE_DRAWEE='M' AND A.R_BE_DRAWEE=B.OID; ACCOUNT_TO_MOP_1; account.bsh, ref to BE; ; 
ACCOUNT; MOP; ; n:1; A.BE_TYPE_MAJOR_OWNER='M' AND A.R_BE_MAJOR_OWNER=B.OID; ACCOUNT_TO_MOP_2; account.bsh, ref to BE; ; 
ACCOUNT; MOP; ; n:1; A.BE_TYPE_MAJOR_DRAWEE='M' AND A.R_BE_MAJOR_DRAWEE=B.OID; ACCOUNT_TO_MOP_3; account.bsh, ref to BE; ; 
ACCOUNT; PROVIDER; ; n:1; A.BE_TYPE_OWNER='P' AND A.R_BE_OWNER=B.OID; ACCOUNT_TO_PROVIDER; account.bsh, ref to BE; ; 
ACCOUNT; PROVIDER; ; n:1; A.BE_TYPE_DRAWEE='P' AND A.R_BE_DRAWEE=B.OID; ACCOUNT_TO_PROVIDER_1; account.bsh, ref to BE; ; 
ACCOUNT; PROVIDER; ; n:1; A.BE_TYPE_MAJOR_OWNER='P' AND A.R_BE_MAJOR_OWNER=B.OID; ACCOUNT_TO_PROVIDER_2; account.bsh, ref to BE; ; 
ACCOUNT; PROVIDER; ; n:1; A.BE_TYPE_MAJOR_DRAWEE='P' AND A.R_BE_MAJOR_DRAWEE=B.OID; ACCOUNT_TO_PROVIDER_3; account.bsh, ref to BE; ; 
ACCOUNT; SERVICEUSER; ; n:1; A.BE_TYPE_OWNER='U' AND A.R_BE_OWNER=B.OID; ACCOUNT_TO_SERVICEUSER; account.bsh, ref to BE; ; 
ACCOUNT; SERVICEUSER; ; n:1; A.BE_TYPE_DRAWEE='U' AND A.R_BE_DRAWEE=B.OID; ACCOUNT_TO_SERVICEUSER_1; account.bsh, ref to BE; ; 
ACCOUNT; SERVICEUSER; ; n:1; A.BE_TYPE_MAJOR_OWNER='U' AND A.R_BE_MAJOR_OWNER=B.OID; ACCOUNT_TO_SERVICEUSER_2; account.bsh, ref to BE; ; 
ACCOUNT; SERVICEUSER; ; n:1; A.BE_TYPE_MAJOR_DRAWEE='U' AND A.R_BE_MAJOR_DRAWEE=B.OID; ACCOUNT_TO_SERVICEUSER_3; account.bsh, ref to BE; ; 
ACCOUNT; YELLEX_HOTSPOT; ; n:1; A.BE_TYPE_OWNER='H' AND A.R_BE_OWNER=B.OID; ACCOUNT_TO_YELLEX_HOTSPOT; account.bsh, ref to BE; ; 
ACCOUNT; YELLEX_HOTSPOT; ; n:1; A.BE_TYPE_DRAWEE='H' AND A.R_BE_DRAWEE=B.OID; ACCOUNT_TO_YELLEX_HOTSPOT_1; account.bsh, ref to BE; ; 
ACCOUNT; YELLEX_HOTSPOT; ; n:1; A.BE_TYPE_MAJOR_OWNER='H' AND A.R_BE_MAJOR_OWNER=B.OID; ACCOUNT_TO_YELLEX_HOTSPOT_2; account.bsh, ref to BE; ; 
ACCOUNT; YELLEX_HOTSPOT; ; n:1; A.BE_TYPE_MAJOR_DRAWEE='H' AND A.R_BE_MAJOR_DRAWEE=B.OID; ACCOUNT_TO_YELLEX_HOTSPOT_3; account.bsh, ref to BE; ; 
ACCOUNT_PROPERTY; BANK_ACCOUNT; ; n:1; (CASE WHEN A.R_VALUE_TYPE=2035 THEN BIGINT(A.VALUE) ELSE NULL END)=B.OID AND RTRIM(CHAR(B.OID))=A.VALUE; ACCOUNT_PROPERTY_TO_BANK_ACCOUNT; account.bsh, property with BO as value; ; 
ACCOUNT_PROPERTY; VALUE_TYPE; B; n:1; A.R_VALUE_TYPE=B.OID; ACCOUNT_PROPERTY_TO_VALUE_TYPE; DB:script/db2/selectAssociations.sql; ; 
ACCRUED_DEBTS_ACCUMULATION; CARRIER; B; n:1; A.R_CARRIER=B.OID; ACCRUED_DEBTS_ACCUMULATION_TO_CARRIER; DB:script/db2/selectAssociations.sql; ; 
ACCRUED_DEBTS_ACCUMULATION; PRODUCT_MAP; ; n:1; A.R_PRODUCT_MAP=B.OID; ACCRUED_DEBTS_ACCUMULATION_TO_PRODUCT_MAP; accrued_debts_accumulation.bsh; ; 
ACCRUED_DEBTS_ACCUMULATION; SERVICEUSER; ; n:1; A.BE_TYPE='U' AND A.R_BE=B.OID; ACCRUED_DEBTS_ACCUMULATION_TO_SERVICEUSER; accrued_debts_accumulation.bsh, ref to BE; ; 
ACQUIRER_PROPERTY; ACQUIRER; B; n:1; A.R_ACQUIRER=B.OID; ACQUIRER_PROPERTY_TO_ACQUIRER; DB:script/db2/selectAssociations.sql; ; 
ACQUIRER_PROPERTY; VALUE_TYPE; B; n:1; A.R_VALUE_TYPE=B.OID; ACQUIRER_PROPERTY_TO_VALUE_TYPE; DB:script/db2/selectAssociations.sql; ; 
ADDRESS; LOCALOPERATOR; ; n:1; A.BE_TYPE='L' AND A.R_BE=B.OID; ADDRESS_TO_LOCALOPERATOR; address.bsh, ref to BE; ; 
ADDRESS; ONLINE_USER; ; n:1; A.BE_TYPE='O' AND A.R_BE=B.OID; ADDRESS_TO_ONLINE_USER; address.bsh, ref to BE; ; 
ADDRESS; SERVICEUSER; ; n:1; A.BE_TYPE='U' AND A.R_BE=B.OID; ADDRESS_TO_SERVICEUSER; address.bsh, ref to BE; ; 
ADDRESS; YELLEX_OPERATOR; ; n:1; A.BE_TYPE='Y' AND A.R_BE=B.OID; ADDRESS_TO_YELLEX_OPERATOR; address.bsh, ref to BE; ; 
ADDRESS; YELLEX_RESELLER; ; n:1; A.BE_TYPE='R' AND A.R_BE=B.OID; ADDRESS_TO_YELLEX_RESELLER; address.bsh, ref to BE; ; 
ADDRESS; YELLEX_USER; ; n:1; A.BE_TYPE='W' AND A.R_BE=B.OID; ADDRESS_TO_YELLEX_USER; address.bsh, ref to BE; ; 
ADDRESS_ADDENDUM; SERVICEUSER; ; n:1; A.BE_TYPE='U' AND A.R_BE=B.OID; ADDRESS_ADDENDUM_TO_SERVICEUSER; addressaddendum.bsh, ref to BE; ; 
ADDRESS_ENQUIRY; ADDRESS; ; n:1; A.R_ADDRESS_RECEIVED=B.OID; ADDRESS_ENQUIRY_TO_ADDRESS_1; addressenquiry.bsh; ; 
ADDRESS_ENQUIRY; ADDRESS; B; n:1; A.R_ADDRESS_ENQUIRED=B.OID; ADDRESS_ENQUIRY_TO_ADDRESS; DB:script/db2/selectAssociations.sql; ; 
ADDRESS_ENQUIRY; COLLECTIONSERVICE; B; n:1; A.R_COLLECTIONSERVICE=B.OID; ADDRESS_ENQUIRY_TO_COLLECTIONSERVICE; DB:script/db2/selectAssociations.sql; ; 
ADDRESS_ENQUIRY; SERVICECONTRACT; B; n:1; A.R_SERVICECONTRACT=B.OID; ADDRESS_ENQUIRY_TO_SERVICECONTRACT; DB:script/db2/selectAssociations.sql; ; 
ADDRESS_ENQUIRY; SERVICEUSER; ; n:1; A.BE_TYPE_ADDRESS_OWNER='U' AND A.R_BE_ADDRESS_OWNER=B.OID; ADDRESS_ENQUIRY_TO_SERVICEUSER; addressenquiry.bsh, ref to BE; ; 
ADDRESS_PROPERTY; ADDRESS; B; n:1; A.R_ADDRESS=B.OID; ADDRESS_PROPERTY_TO_ADDRESS; DB:script/db2/selectAssociations.sql; ; 
ADDRESS_PROPERTY; VALUE_TYPE; B; n:1; A.R_VALUE_TYPE=B.OID; ADDRESS_PROPERTY_TO_VALUE_TYPE; DB:script/db2/selectAssociations.sql; ; 
APP_MODULE_RIGHT_MAP; AAA_MODULE_RIGHT; B; n:1; A.R_AAA_MODULE_RIGHT=B.OID; APP_MODULE_RIGHT_MAP_TO_AAA_MODULE_RIGHT; DB:script/db2/selectAssociations.sql; ; 
APP_MODULE_RIGHT_MAP; APP_RIGHT; B; n:1; A.R_APP_RIGHT=B.OID; APP_MODULE_RIGHT_MAP_TO_APP_RIGHT; DB:script/db2/selectAssociations.sql; ; 
APP_RIGHT_PROPERTY; APP_RIGHT; B; n:1; A.R_APP_RIGHT=B.OID; APP_RIGHT_PROPERTY_TO_APP_RIGHT; DB:script/db2/selectAssociations.sql; ; 
APP_RIGHT_PROPERTY; VALUE_TYPE; B; n:1; A.R_VALUE_TYPE=B.OID; APP_RIGHT_PROPERTY_TO_VALUE_TYPE; DB:script/db2/selectAssociations.sql; ; 
APP_RIGHT_ROLE_MAP; AAA_ROLE; B; n:1; A.R_AAA_ROLE=B.OID; APP_RIGHT_ROLE_MAP_TO_AAA_ROLE; DB:script/db2/selectAssociations.sql; ; 
APP_RIGHT_ROLE_MAP; APP_RIGHT; B; n:1; A.R_APP_RIGHT=B.OID; APP_RIGHT_ROLE_MAP_TO_APP_RIGHT; DB:script/db2/selectAssociations.sql; ; 
BANKTRANSFER_INPAYMENT; BANK_ACCOUNT; B; n:1; A.R_COLLECTION_ACCOUNT=B.OID; BANKTRANSFER_INPAYMENT_TO_BANK_ACCOUNT; DB:script/db2/selectAssociations.sql; ; 
BANKTRANSFER_INPAYMENT; INPAYMENT; B; n:1; A.R_INPAYMENT=B.OID; BANKTRANSFER_INPAYMENT_TO_INPAYMENT; DB:script/db2/selectAssociations.sql; ; 
BANKTRANSFER_INPAYMENT_PROPERTY; BANKTRANSFER_INPAYMENT; B; n:1; A.R_BANKTRANSFER_INPAYMENT=B.OID; BANKTRANSFER_INPAYMENT_PROPERTY_TO_BANKTRANSFER_INPAYMENT; DB:script/db2/selectAssociations.sql; ; 
BANKTRANSFER_INPAYMENT_PROPERTY; VALUE_TYPE; B; n:1; A.R_VALUE_TYPE=B.OID; BANKTRANSFER_INPAYMENT_PROPERTY_TO_VALUE_TYPE; DB:script/db2/selectAssociations.sql; ; 
BANK_ACCOUNT; BANK_ACCOUNT; ; n:1; A.R_REF_BO_TYPE=2035 AND A.R_REF_BO=B.OID; BANK_ACCOUNT_TO_BANK_ACCOUNT; bankaccount.bsh, property with BO as value; ; 
BANK_ACCOUNT; CARRIER; ; n:1; A.R_REF_BO_TYPE=2003 AND A.R_REF_BO=B.OID; BANK_ACCOUNT_TO_CARRIER; bankaccount.bsh, property with BO as value; ; 
BANK_ACCOUNT; CARRIER_GROUP; ; n:1; A.R_REF_BO_TYPE=2078 AND A.R_REF_BO=B.OID; BANK_ACCOUNT_TO_CARRIER_GROUP; bankaccount.bsh, property with BO as value; ; 
BANK_ACCOUNT; INVOICECONTRACT; ; n:1; A.R_REF_BO_TYPE=2072 AND A.R_REF_BO=B.OID; BANK_ACCOUNT_TO_INVOICECONTRACT; bankaccount.bsh, property with BO as value; ; 
BANK_ACCOUNT; INVOICE_DATA; ; n:1; A.R_REF_BO_TYPE=2064 AND A.R_REF_BO=B.OID; BANK_ACCOUNT_TO_INVOICE_DATA; bankaccount.bsh, property with BO as value; ; 
BANK_ACCOUNT; ONLINE_USER; ; n:1; A.R_REF_BO_TYPE=2036 AND A.R_REF_BO=B.OID; BANK_ACCOUNT_TO_ONLINE_USER; bankaccount.bsh, property with BO as value; ; 
BANK_ACCOUNT; SERVICEUSER; ; n:1; A.R_REF_BO_TYPE=2013 AND A.R_REF_BO=B.OID; BANK_ACCOUNT_TO_SERVICEUSER; bankaccount.bsh, property with BO as value; ; 
BANK_ACCOUNT; VALUE_TYPE; B; n:1; A.R_REF_BO_TYPE=B.OID; BANK_ACCOUNT_TO_VALUE_TYPE; DB:script/db2/selectAssociations.sql; ; 
BANK_ACCOUNT; YELLEX_OPERATOR; ; n:1; A.R_REF_BO_TYPE=2080 AND A.R_REF_BO=B.OID; BANK_ACCOUNT_TO_YELLEX_OPERATOR; bankaccount.bsh, property with BO as value; ; 
BANK_ACCOUNT; YELLEX_RESELLER; ; n:1; A.R_REF_BO_TYPE=2096 AND A.R_REF_BO=B.OID; BANK_ACCOUNT_TO_YELLEX_RESELLER; bankaccount.bsh, property with BO as value; ; 
BANK_ACCOUNT; YELLEX_USER; ; n:1; A.R_REF_BO_TYPE=2082 AND A.R_REF_BO=B.OID; BANK_ACCOUNT_TO_YELLEX_USER; bankaccount.bsh, property with BO as value; ; 
BANK_ACCOUNT_PROPERTY; BANK_ACCOUNT; B; n:1; A.R_BANK_ACCOUNT=B.OID; BANK_ACCOUNT_PROPERTY_TO_BANK_ACCOUNT; DB:script/db2/selectAssociations.sql; ; 
BANK_ACCOUNT_PROPERTY; CARRIER; ; n:1; (CASE WHEN A.R_VALUE_TYPE=2003 THEN BIGINT(A.VALUE) ELSE NULL END)=B.OID AND RTRIM(CHAR(B.OID))=A.VALUE; BANK_ACCOUNT_PROPERTY_TO_CARRIER; bankaccount.bsh, property with BO as value; ; 
BANK_ACCOUNT_PROPERTY; CARRIER_GROUP; ; n:1; (CASE WHEN A.R_VALUE_TYPE=2078 THEN BIGINT(A.VALUE) ELSE NULL END)=B.OID AND RTRIM(CHAR(B.OID))=A.VALUE; BANK_ACCOUNT_PROPERTY_TO_CARRIER_GROUP; bankaccount.bsh, property with BO as value; ; 
BANK_ACCOUNT_PROPERTY; VALUE_TYPE; B; n:1; A.R_VALUE_TYPE=B.OID; BANK_ACCOUNT_PROPERTY_TO_VALUE_TYPE; DB:script/db2/selectAssociations.sql; ; 
BANK_PROPERTY; BANK; B; n:1; A.R_BANK=B.OID; BANK_PROPERTY_TO_BANK; DB:script/db2/selectAssociations.sql; ; 
BANK_PROPERTY; FTPSERVER; ; n:1; (CASE WHEN A.R_VALUE_TYPE=2044 THEN BIGINT(A.VALUE) ELSE NULL END)=B.OID AND RTRIM(CHAR(B.OID))=A.VALUE; BANK_PROPERTY_TO_FTPSERVER; bank.bsh, property with BO as value; ; 
BANK_PROPERTY; VALUE_TYPE; B; n:1; A.R_VALUE_TYPE=B.OID; BANK_PROPERTY_TO_VALUE_TYPE; DB:script/db2/selectAssociations.sql; ; 
BETTY_TRANSACTION; INV_POS_ACCUMULATION; B; n:1; A.R_INV_POS_ACCUMULATION=B.OID; BETTY_TRANSACTION_TO_INV_POS_ACCUMULATION; DB:script/db2/selectAssociations.sql; ; 
BILLING_OPTION; VALUE_TYPE; B; n:1; A.R_REF_BO_TYPE=B.OID; BILLING_OPTION_TO_VALUE_TYPE; DB:script/db2/selectAssociations.sql; ; 
BILL_GROUP; CARRIER; ; n:1; A.BE_TYPE_OWNER='C' AND A.R_BE_OWNER=B.OID; BILL_GROUP_TO_CARRIER; billgroup.bsh, ref to BE; ; 
BILL_GROUP; CARRIER_GROUP; ; n:1; A.BE_TYPE_OWNER='G' AND A.R_BE_OWNER=B.OID; BILL_GROUP_TO_CARRIER_GROUP; billgroup.bsh, ref to BE; ; 
BILL_GROUP; MOP; ; n:1; A.BE_TYPE_OWNER='M' AND A.R_BE_OWNER=B.OID; BILL_GROUP_TO_MOP; billgroup.bsh, ref to BE; ; 
BLACKLIST_ENTRY; INVOICECONTRACT; ; n:1; A.R_SERVICEUSER_VT=2072 AND A.R_SERVICEUSER=B.OID; BLACKLIST_ENTRY_TO_INVOICECONTRACT; blacklistentry.bsh, property with BO as value; ; 
BLACKLIST_ENTRY; SERVICECONTRACT; B; n:1; A.R_SERVICECONTRACT=B.OID; BLACKLIST_ENTRY_TO_SERVICECONTRACT; DB:script/db2/selectAssociations.sql; ; 
BLACKLIST_ENTRY; SERVICEUSER; ; n:1; A.R_SERVICEUSER_VT=2013 AND A.R_SERVICEUSER=B.OID; BLACKLIST_ENTRY_TO_SERVICEUSER; blacklistentry.bsh, property with BO as value; ; 
BLACKLIST_ENTRY; VALUE_TYPE; B; n:1; A.R_SERVICEUSER_VT=B.OID; BLACKLIST_ENTRY_TO_VALUE_TYPE; DB:script/db2/selectAssociations.sql; ; 
BLACKLIST_HIGHSPENDER; SERVICECONTRACT; B; n:1; A.R_SERVICECONTRACT=B.OID; BLACKLIST_HIGHSPENDER_TO_SERVICECONTRACT; DB:script/db2/selectAssociations.sql; ; 
BLACKLIST_HIGHSPENDER; SERVICEUSER; B; n:1; A.R_SERVICEUSER=B.OID; BLACKLIST_HIGHSPENDER_TO_SERVICEUSER; DB:script/db2/selectAssociations.sql; ; 
BLACKLIST_REASON; BLACKLIST_ENTRY; B; n:1; A.R_BLACKLIST_ENTRY=B.OID; BLACKLIST_REASON_TO_BLACKLIST_ENTRY; DB:script/db2/selectAssociations.sql; ; 
BO_INDEX; VALUE_TYPE; B; n:1; A.R_DATA_TYPE=B.OID; BO_INDEX_TO_VALUE_TYPE; DB:script/db2/selectAssociations.sql; ; 
BUSINESSEVENT; COLCONTRACT; ; n:1; A.CONTRACT_TYPE='C' and A.R_CONTRACT=B.OID; A2; ; 
BUSINESSEVENT; INVOICECONTRACT; ; n:1; A.CONTRACT_TYPE='I' and A.R_CONTRACT=B.OID; A3; ; 
BUSINESSEVENT; RATINGCONTRACT; ; n:1; A.CONTRACT_TYPE='R' and A.R_CONTRACT=B.OID; A4; ; 
BUSINESSEVENT; SERVICECONTRACT; ; n:1; A.CONTRACT_TYPE='S' and A.R_CONTRACT=B.OID; A5; ; 
BUSINESSEVENT; XBCCONTRACT; ; n:1; A.CONTRACT_TYPE='X' and A.R_CONTRACT=B.OID; A6; ; 
CALL_ZONE; CARRIER; ; n:1; A.R_REF_BO_VT=2003 AND A.R_REF_BO=B.OID; CALL_ZONE_TO_CARRIER; callzone.bsh, property with BO as value; ; 
CALL_ZONE; RATINGCONTRACT; B; n:1; A.R_RATING_CONTRACT=B.OID; CALL_ZONE_TO_RATINGCONTRACT; DB:script/db2/selectAssociations.sql; ; 
CALL_ZONE; VALUE_TYPE; ; n:1; A.R_REF_BO_VT=B.OID; CALL_ZONE_TO_VALUE_TYPE; callzone.bsh; ; 
CALL_ZONE; YELLEX_LOCATION; ; n:1; A.R_REF_BO_VT=2086 AND A.R_REF_BO=B.OID; CALL_ZONE_TO_YELLEX_LOCATION; callzone.bsh, property with BO as value; ; 
CALL_ZONE_PROPERTY; CALL_ZONE; B; n:1; A.R_CALL_ZONE=B.OID; CALL_ZONE_PROPERTY_TO_CALL_ZONE; DB:script/db2/selectAssociations.sql; ; 
CALL_ZONE_PROPERTY; VALUE_TYPE; B; n:1; A.R_VALUE_TYPE=B.OID; CALL_ZONE_PROPERTY_TO_VALUE_TYPE; DB:script/db2/selectAssociations.sql; ; 
CARRIER_GROUP_PROPERTY; CARRIER; ; n:1; (CASE WHEN A.R_VALUE_TYPE=2003 THEN BIGINT(A.VALUE) ELSE NULL END)=B.OID AND RTRIM(CHAR(B.OID))=A.VALUE; CARRIER_GROUP_PROPERTY_TO_CARRIER; carriergroup.bsh, property with BO as value; ; 
CARRIER_GROUP_PROPERTY; CARRIER_GROUP; B; n:1; A.R_CARRIER_GROUP=B.OID; CARRIER_GROUP_PROPERTY_TO_CARRIER_GROUP; DB:script/db2/selectAssociations.sql; ; 
CARRIER_GROUP_PROPERTY; VALUE_TYPE; B; n:1; A.R_VALUE_TYPE=B.OID; CARRIER_GROUP_PROPERTY_TO_VALUE_TYPE; DB:script/db2/selectAssociations.sql; ; 
CARRIER_PROPERTY; CARRIER; B; n:1; A.R_CARRIER=B.OID; CARRIER_PROPERTY_TO_CARRIER; DB:script/db2/selectAssociations.sql; ; 
CARRIER_PROPERTY; CARRIER_GROUP; ; n:1; (CASE WHEN A.R_VALUE_TYPE=2078 THEN BIGINT(A.VALUE) ELSE NULL END)=B.OID AND RTRIM(CHAR(B.OID))=A.VALUE; CARRIER_PROPERTY_TO_CARRIER_GROUP; carrier.bsh, property with BO as value; ; 
CARRIER_PROPERTY; PRODUCT_MAP; ; n:1; (CASE WHEN A.R_VALUE_TYPE=2046 THEN BIGINT(A.VALUE) ELSE NULL END)=B.OID AND RTRIM(CHAR(B.OID))=A.VALUE; CARRIER_PROPERTY_TO_PRODUCT_MAP; carrier.bsh, property with BO as value; ; 
CARRIER_PROPERTY; VALUE_TYPE; B; n:1; A.R_VALUE_TYPE=B.OID; CARRIER_PROPERTY_TO_VALUE_TYPE; DB:script/db2/selectAssociations.sql; ; 
COLCONTRACT; CARRIER; B; n:1; A.R_CARRIER=B.OID; COLCONTRACT_TO_CARRIER; DB:script/db2/selectAssociations.sql; ; 
COLCONTRACT; COLLECTIONSERVICE; B; n:1; A.R_COLSERVICE=B.OID; COLCONTRACT_TO_COLLECTIONSERVICE; DB:script/db2/selectAssociations.sql; ; 
COLCONTRACT; LOCALOPERATOR; B; n:1; A.R_LOCALOPERATOR=B.OID; COLCONTRACT_TO_LOCALOPERATOR; DB:script/db2/selectAssociations.sql; ; 
COLCONTRACT_PROPERTY; COLCONTRACT; B; n:1; A.R_COLCONTRACT=B.OID; COLCONTRACT_PROPERTY_TO_COLCONTRACT; DB:script/db2/selectAssociations.sql; ; 
COLCONTRACT_PROPERTY; VALUE_TYPE; B; n:1; A.R_VALUE_TYPE=B.OID; COLCONTRACT_PROPERTY_TO_VALUE_TYPE; DB:script/db2/selectAssociations.sql; ; 
COLLECTIONSERVICE_PROPERTY; COLLECTIONSERVICE; B; n:1; A.R_COLLECTIONSERVICE=B.OID; COLLECTIONSERVICE_PROPERTY_TO_COLLECTIONSERVICE; DB:script/db2/selectAssociations.sql; ; 
COLLECTIONSERVICE_PROPERTY; VALUE_TYPE; B; n:1; A.R_VALUE_TYPE=B.OID; COLLECTIONSERVICE_PROPERTY_TO_VALUE_TYPE; DB:script/db2/selectAssociations.sql; ; 
COMMISSION_SLICE_ACCUMULATION; CARRIER; ; n:1; A.R_OWNER_VT=2003 AND A.R_BE_OWNER=B.OID; COMMISSION_SLICE_ACCUMULATION_TO_CARRIER; commissionsliceaccumulation.bsh, property with BO as value; ; 
COMMISSION_SLICE_ACCUMULATION; PROVIDER; ; n:1; A.R_OWNER_VT=2009 AND A.R_BE_OWNER=B.OID; COMMISSION_SLICE_ACCUMULATION_TO_PROVIDER; commissionsliceaccumulation.bsh, property with BO as value; ; 
COMMISSION_SLICE_ACCUMULATION; YELLEX_OPERATOR; ; n:1; A.R_OWNER_VT=2080 AND A.R_BE_OWNER=B.OID; COMMISSION_SLICE_ACCUMULATION_TO_YELLEX_OPERATOR; commissionsliceaccumulation.bsh, property with BO as value; ; 
COMMISSION_SLICE_ACCUMULATION; YELLEX_RESELLER; ; n:1; A.R_OWNER_VT=2096 AND A.R_BE_OWNER=B.OID; COMMISSION_SLICE_ACCUMULATION_TO_YELLEX_RESELLER; commissionsliceaccumulation.bsh, property with BO as value; ; 
COMMISSION_SLICE_ACCUMULATION; YELLEX_RPR_ACCUMULATION; ; n:1; A.R_COMMISSION_ORIGIN_VT=9001 AND A.R_COMMISSION_ORIGIN=B.OID; COMMISSION_SLICE_ACCUMULATION_TO_YELLEX_RPR_ACCUMULATION; commissionsliceaccumulation.bsh, property with BO as value; ; 
CONTACT_INFO; CONTACT_INFO_TYPE; B; n:1; A.R_CONTACT_INFO_TYPE=B.OID; CONTACT_INFO_TO_CONTACT_INFO_TYPE; DB:script/db2/selectAssociations.sql; ; 
CONTACT_INFO; ONLINE_USER; ; n:1; A.BE_TYPE='O' AND A.R_BE=B.OID; CONTACT_INFO_TO_ONLINE_USER; contact_info.bsh, ref to BE; ; 
CONTACT_INFO; SERVICEUSER; ; n:1; A.BE_TYPE='U' AND A.R_BE=B.OID; CONTACT_INFO_TO_SERVICEUSER; contact_info.bsh, ref to BE; ; 
CONTACT_INFO; YELLEX_USER; ; n:1; A.BE_TYPE='W' AND A.R_BE=B.OID; CONTACT_INFO_TO_YELLEX_USER; contact_info.bsh, ref to BE; ; 
CONTRACT_SUBREF; INVOICECONTRACT; B; n:1; A.R_INVOICE_CONTRACT=B.OID; CONTRACT_SUBREF_TO_INVOICECONTRACT; DB:script/db2/selectAssociations.sql; ; 
CONTRACT_SUBREF_MSISDN; CONTRACT_SUBREF; B; n:1; A.R_CONTRACT_SUBREF=B.OID; CONTRACT_SUBREF_MSISDN_TO_CONTRACT_SUBREF; DB:script/db2/selectAssociations.sql; ; 
CONTRACT_SUBREF_MSISDN; MSISDN; B; n:1; A.R_MSISDN=B.OID; CONTRACT_SUBREF_MSISDN_TO_MSISDN; DB:script/db2/selectAssociations.sql; ; 
CONTRACT_SUBREF_MSISDN_PROPERTY; CONTRACT_SUBREF_MSISDN; B; n:1; A.R_CONTRACT_SUBREF_MSISDN=B.OID; CONTRACT_SUBREF_MSISDN_PROPERTY_TO_CONTRACT_SUBREF_MSISDN; DB:script/db2/selectAssociations.sql; ; 
CONTRACT_SUBREF_MSISDN_PROPERTY; VALUE_TYPE; B; n:1; A.R_VALUE_TYPE=B.OID; CONTRACT_SUBREF_MSISDN_PROPERTY_TO_VALUE_TYPE; DB:script/db2/selectAssociations.sql; ; 
CONTRACT_SUBREF_PROPERTY; CONTRACT_SUBREF; B; n:1; A.R_CONTRACT_SUBREF=B.OID; CONTRACT_SUBREF_PROPERTY_TO_CONTRACT_SUBREF; DB:script/db2/selectAssociations.sql; ; 
CONTRACT_SUBREF_PROPERTY; VALUE_TYPE; B; n:1; A.R_VALUE_TYPE=B.OID; CONTRACT_SUBREF_PROPERTY_TO_VALUE_TYPE; DB:script/db2/selectAssociations.sql; ; 
CONTRACT_SUBREF_SD; CONTRACT_SUBREF; B; n:1; A.R_CONTRACT_SUBREF=B.OID; CONTRACT_SUBREF_SD_TO_CONTRACT_SUBREF; DB:script/db2/selectAssociations.sql; ; 
CONTRACT_SUBREF_SD_PROPERTY; CONTRACT_SUBREF_SD; B; n:1; A.R_CONTRACT_SUBREF_SD=B.OID; CONTRACT_SUBREF_SD_PROPERTY_TO_CONTRACT_SUBREF_SD; DB:script/db2/selectAssociations.sql; ; 
CONTRACT_SUBREF_SD_PROPERTY; VALUE_TYPE; B; n:1; A.R_VALUE_TYPE=B.OID; CONTRACT_SUBREF_SD_PROPERTY_TO_VALUE_TYPE; DB:script/db2/selectAssociations.sql; ; 
CONTRACT_SUBREF_SIM; CONTRACT_SUBREF; B; n:1; A.R_CONTRACT_SUBREF=B.OID; CONTRACT_SUBREF_SIM_TO_CONTRACT_SUBREF; DB:script/db2/selectAssociations.sql; ; 
CONTRACT_SUBREF_SIM; SIM; B; n:1; A.R_SIM=B.OID; CONTRACT_SUBREF_SIM_TO_SIM; DB:script/db2/selectAssociations.sql; ; 
CONTRACT_SUBREF_SIM_PROPERTY; CONTRACT_SUBREF_SIM; B; n:1; A.R_CONTRACT_SUBREF_SIM=B.OID; CONTRACT_SUBREF_SIM_PROPERTY_TO_CONTRACT_SUBREF_SIM; DB:script/db2/selectAssociations.sql; ; 
CONTRACT_SUBREF_SIM_PROPERTY; VALUE_TYPE; B; n:1; A.R_VALUE_TYPE=B.OID; CONTRACT_SUBREF_SIM_PROPERTY_TO_VALUE_TYPE; DB:script/db2/selectAssociations.sql; ; 
CREDIT_NOTE; SERVICEUSER; B; n:1; A.R_SERVICEUSER=B.OID; CREDIT_NOTE_TO_SERVICEUSER; DB:script/db2/selectAssociations.sql; ; 
CREDIT_NOTE_PROPERTY; CREDIT_NOTE; B; n:1; A.R_CREDIT_NOTE=B.OID; CREDIT_NOTE_PROPERTY_TO_CREDIT_NOTE; DB:script/db2/selectAssociations.sql; ; 
CREDIT_NOTE_PROPERTY; VALUE_TYPE; B; n:1; A.R_VALUE_TYPE=B.OID; CREDIT_NOTE_PROPERTY_TO_VALUE_TYPE; DB:script/db2/selectAssociations.sql; ; 
CREDIT_RATING; ADDRESS; ; n:1; A.R_ADDRESS_FAILED=B.OID; CREDIT_RATING_TO_ADDRESS; credit_rating.bsh; ; 
CREDIT_RATING; SERVICEUSER; ; n:1; A.BE_TYPE='U' AND A.R_BE=B.OID; CREDIT_RATING_TO_SERVICEUSER; credit_rating.bsh, ref to BE; ; 
CREDIT_RATING_REQUEST_REPORT; CREDIT_RATING; B; n:1; A.R_CREDIT_RATING=B.OID; CREDIT_RATING_REQUEST_REPORT_TO_CREDIT_RATING; DB:script/db2/selectAssociations.sql; ; 
CREDIT_RATING_REQUEST_REPORT; SERVICECONTRACT; B; n:1; A.R_SERVICECONTRACT=B.OID; CREDIT_RATING_REQUEST_REPORT_TO_SERVICECONTRACT; DB:script/db2/selectAssociations.sql; ; 
CRM_CLIENT; CARRIER; ; n:1; A.BE_TYPE='C' AND A.R_BE=B.OID; CRM_CLIENT_TO_CARRIER; crmclient.bsh, ref to BE; ; 
CRM_CLIENT; CARRIER_GROUP; ; n:1; A.BE_TYPE='G' AND A.R_BE=B.OID; CRM_CLIENT_TO_CARRIER_GROUP; crmclient.bsh, ref to BE; ; 
CSC_CHANGE_NOTIFICATION; SERVICEUSER; B; n:1; A.R_SERVICEUSER=B.OID; CSC_CHANGE_NOTIFICATION_TO_SERVICEUSER; DB:script/db2/selectAssociations.sql; ; 
CSC_LOGIN; LOCALOPERATOR; B; n:1; A.R_CLIENT_OWNER=B.OID; CSC_LOGIN_TO_LOCALOPERATOR; DB:script/db2/selectAssociations.sql; ; 
CSC_LOGIN; SERVICEUSER; B; n:1; A.R_CLIENT=B.OID; CSC_LOGIN_TO_SERVICEUSER; DB:script/db2/selectAssociations.sql; ; 
CUMULATED_CDR_ID; BETTY_TRANSACTION; ; n:1; A.R_BETTY_TRANSACTION=B.OID; CUMULATED_CDR_ID_TO_BETTY_TRANSACTION; cumulated_cdr_id.bsh; ; 
C_RATING_CONDITION; INVOICECONTRACT; B; n:1; A.R_INVOICECONTRACT=B.OID; C_RATING_CONDITION_TO_INVOICECONTRACT; DB:script/db2/selectAssociations.sql; ; 
C_RATING_CONDITION_PROPERTY; C_RATING_CONDITION; B; n:1; A.R_C_RATING_CONDITION=B.OID; C_RATING_CONDITION_PROPERTY_TO_C_RATING_CONDITION; DB:script/db2/selectAssociations.sql; ; 
C_RATING_CONDITION_PROPERTY; VALUE_TYPE; B; n:1; A.R_VALUE_TYPE=B.OID; C_RATING_CONDITION_PROPERTY_TO_VALUE_TYPE; DB:script/db2/selectAssociations.sql; ; 
C_RATING_DISCOUNT; INVOICECONTRACT; B; n:1; A.R_INVOICECONTRACT=B.OID; C_RATING_DISCOUNT_TO_INVOICECONTRACT; DB:script/db2/selectAssociations.sql; ; 
DETEMEDIEN_ENTRY; MSISDN; B; n:1; A.R_MSISDN=B.OID; DETEMEDIEN_ENTRY_TO_MSISDN; DB:script/db2/selectAssociations.sql; ; 
DETEMEDIEN_ENTRY; SERVICEUSER; B; n:1; A.R_SERVICEUSER=B.OID; DETEMEDIEN_ENTRY_TO_SERVICEUSER; DB:script/db2/selectAssociations.sql; ; 
DIRECT_BILLING; PRODUCT_MAP; B; n:1; A.R_PRODUCT_MAP=B.OID; DIRECT_BILLING_TO_PRODUCT_MAP; DB:script/db2/selectAssociations.sql; ; 
DIRECT_BILLING; SERVICEUSER; B; n:1; A.R_SERVICEUSER=B.OID; DIRECT_BILLING_TO_SERVICEUSER; DB:script/db2/selectAssociations.sql; ; 
DUNNED_DEBTS_ACCUMULATION; CARRIER; B; n:1; A.R_CARRIER=B.OID; DUNNED_DEBTS_ACCUMULATION_TO_CARRIER; DB:script/db2/selectAssociations.sql; ; 
DUNNED_DEBTS_ACCUMULATION; INVOICE; B; n:1; A.R_INVOICE=B.OID; DUNNED_DEBTS_ACCUMULATION_TO_INVOICE; DB:script/db2/selectAssociations.sql; ; 
DUNNED_DEBTS_ACCUMULATION; PRODUCT_MAP; B; n:1; A.R_PRODUCT_MAP=B.OID; DUNNED_DEBTS_ACCUMULATION_TO_PRODUCT_MAP; DB:script/db2/selectAssociations.sql; ; 
DUNNED_DEBTS_ACCUMULATION; SERVICEUSER; B; n:1; A.R_SERVICEUSER=B.OID; DUNNED_DEBTS_ACCUMULATION_TO_SERVICEUSER; DB:script/db2/selectAssociations.sql; ; 
DUNNING_ACCUMULATION; INVOICE; B; n:1; A.R_INVOICE=B.OID; DUNNING_ACCUMULATION_TO_INVOICE; DB:script/db2/selectAssociations.sql; ; 
DUNNING_ACCUMULATION; MOVEMENT; B; n:1; A.R_MOVEMENT=B.OID; DUNNING_ACCUMULATION_TO_MOVEMENT; DB:script/db2/selectAssociations.sql; ; 
DUNNING_ACCUMULATION; VALUE_TYPE; B; n:1; A.R_SERVICEUSER_VT=B.OID; DUNNING_ACCUMULATION_TO_VALUE_TYPE; DB:script/db2/selectAssociations.sql; ; 
DUNNING_EXPORT; SERVICECONTRACT; B; n:1; A.R_SERVICECONTRACT=B.OID; DUNNING_EXPORT_TO_SERVICECONTRACT; DB:script/db2/selectAssociations.sql; ; 
DUNNING_EXPORT; SIR_CHANGE; B; n:1; A.R_SIR_CHANGE=B.OID; DUNNING_EXPORT_TO_SIR_CHANGE; DB:script/db2/selectAssociations.sql; ; 
DUNNING_LEVEL; SERVICECONTRACT; B; n:1; A.R_SERVICECONTRACT=B.OID; DUNNING_LEVEL_TO_SERVICECONTRACT; DB:script/db2/selectAssociations.sql; ; 
DUNNING_LEVEL; SIR_CHANGE; B; n:1; A.R_SIR_CHANGE=B.OID; DUNNING_LEVEL_TO_SIR_CHANGE; DB:script/db2/selectAssociations.sql; ; 
DUNNING_LEVEL_LIST; INVOICE; B; n:1; A.R_INVOICE=B.OID; DUNNING_LEVEL_LIST_TO_INVOICE; DB:script/db2/selectAssociations.sql; ; 
DUNNING_LEVEL_LIST; MOVEMENT; B; n:1; A.R_MOVEMENT=B.OID; DUNNING_LEVEL_LIST_TO_MOVEMENT; DB:script/db2/selectAssociations.sql; ; 
DUNNING_STATE; SIR; B; n:1; A.R_SIR=B.OID; DUNNING_STATE_TO_SIR; DB:script/db2/selectAssociations.sql; ; 
EOZ_EXPORT; EOZ_SIR_COLLECTION_STATE; B; n:1; A.R_EOZSIRCOLLECTIONSTATE=B.OID; EOZ_EXPORT_TO_EOZ_SIR_COLLECTION_STATE; DB:script/db2/selectAssociations.sql; ; 
EOZ_SIR_COLLECTION_STATE; VALUE_TYPE; B; n:1; A.R_PRODUCT_OWNER_VT=B.OID; EOZ_SIR_COLLECTION_STATE_TO_VALUE_TYPE; DB:script/db2/selectAssociations.sql; ; 
EOZ_SIR_COLLECTION_STATE; VALUE_TYPE; B; n:1; A.R_OWNER_VT=B.OID; EOZ_SIR_COLLECTION_STATE_TO_VALUE_TYPE_1; DB:script/db2/selectAssociations.sql; ; 
EOZ_SIR_COLLECTION_STATE; VALUE_TYPE; B; n:1; A.R_PRODUCER_VT=B.OID; EOZ_SIR_COLLECTION_STATE_TO_VALUE_TYPE_2; DB:script/db2/selectAssociations.sql; ; 
EOZ_SIR_COLLECTION_STATE; VAT; B; n:1; A.R_VAT=B.OID; EOZ_SIR_COLLECTION_STATE_TO_VAT; DB:script/db2/selectAssociations.sql; ; 
EXTERNAL_REF; CARRIER; B; n:1; A.R_CARRIER=B.OID; EXTERNAL_REF_TO_CARRIER; DB:script/db2/selectAssociations.sql; ; 
EXTERNAL_REF; EXTERNAL_REF; ; n:1; A.R_CORRECTED_BY=B.OID; EXTERNAL_REF_TO_EXTERNAL_REF; externalref.bsh; ; 
EXTERNAL_REF; LOCALOPERATOR; B; n:1; A.R_LOCALOPERATOR=B.OID; EXTERNAL_REF_TO_LOCALOPERATOR; DB:script/db2/selectAssociations.sql; ; 
EXTERNAL_REF; SERVICEUSER; B; n:1; A.R_SERVICEUSER=B.OID; EXTERNAL_REF_TO_SERVICEUSER; DB:script/db2/selectAssociations.sql; ; 
EXTERNAL_REF_ACTIVATION; EXTERNAL_REF; ; n:1; A.R_EXTERNAL_REF=B.OID; EXTERNAL_REF_ACTIVATION_TO_EXTERNAL_REF; externalrefactivation.bsh; ; 
EXTERNAL_USERID_MAP; LOCALOPERATOR; B; n:1; A.R_PRIMARY_OPERATOR=B.OID; EXTERNAL_USERID_MAP_TO_LOCALOPERATOR; DB:script/db2/selectAssociations.sql; ; 
EXTERNAL_USERID_MAP; LOCALOPERATOR; B; n:1; A.R_SECONDARY_OPERATOR=B.OID; EXTERNAL_USERID_MAP_TO_LOCALOPERATOR_1; DB:script/db2/selectAssociations.sql; ; 
HOLIDAY_MAP; HOLIDAY; B; n:1; A.R_HOLIDAY=B.OID; HOLIDAY_MAP_TO_HOLIDAY; DB:script/db2/selectAssociations.sql; ; 
HOLIDAY_MAP; HOLIDAY_REGION; B; n:1; A.R_REGION=B.OID; HOLIDAY_MAP_TO_HOLIDAY_REGION; DB:script/db2/selectAssociations.sql; ; 
INPAYMENT_CHANGE; INPAYMENT; B; n:1; A.R_INPAYMENT=B.OID; INPAYMENT_CHANGE_TO_INPAYMENT; DB:script/db2/selectAssociations.sql; ; 
INPAYMENT_CHANGE; INPAYMENT_CHANGE; ; n:1; A.R_CANCELLED_INPAYMENT_CHANGE=B.OID; INPAYMENT_CHANGE_TO_INPAYMENT_CHANGE; inpayment_change.bsh; ; 
INPAYMENT_CHANGE; REFUND; ; n:1; A.R_CHANGE_REF_VT=9004 AND A.R_CHANGE_REF=B.OID; INPAYMENT_CHANGE_TO_REFUND; inpayment_change.bsh, property with BO as value; ; 
INPAYMENT_CHANGE; SIR_CHANGE; ; n:1; A.R_CHANGE_REF_VT=9055 AND A.R_CHANGE_REF=B.OID; INPAYMENT_CHANGE_TO_SIR_CHANGE; inpayment_change.bsh, property with BO as value; ; 
INPAYMENT_CHANGE; VALUE_TYPE; B; n:1; A.R_CHANGE_REF_VT=B.OID; INPAYMENT_CHANGE_TO_VALUE_TYPE; DB:script/db2/selectAssociations.sql; ; 
INPAYMENT_CHANGE; VOUCHER; ; n:1; A.R_CHANGE_REF_VT=2020 AND A.R_CHANGE_REF=B.OID; INPAYMENT_CHANGE_TO_VOUCHER; inpayment_change.bsh, property with BO as value; ; 
INSTALLMENT; INSTALLMENT_PLAN; B; n:1; A.R_INSTALLMENT_PLAN=B.OID; INSTALLMENT_TO_INSTALLMENT_PLAN; DB:script/db2/selectAssociations.sql; ; 
INSTALLMENT_INVOICE_REL; INSTALLMENT_PLAN; B; n:1; A.R_INSTALLMENT_PLAN=B.OID; INSTALLMENT_INVOICE_REL_TO_INSTALLMENT_PLAN; DB:script/db2/selectAssociations.sql; ; 
INSTALLMENT_INVOICE_REL; INVOICE; B; n:1; A.R_INVOICE=B.OID; INSTALLMENT_INVOICE_REL_TO_INVOICE; DB:script/db2/selectAssociations.sql; ; 
INSTALLMENT_PLAN; SERVICEUSER; ; n:1; A.R_SERVICEUSER=B.OID; INSTALLMENT_PLAN_TO_SERVICEUSER; installmentplan.bsh; ; 
INSTALLMENT_SIR_REL; INSTALLMENT_PLAN; B; n:1; A.R_INSTALLMENT_PLAN=B.OID; INSTALLMENT_SIR_REL_TO_INSTALLMENT_PLAN; DB:script/db2/selectAssociations.sql; ; 
INSTALLMENT_SIR_REL; SIR; B; n:1; A.R_SIR=B.OID; INSTALLMENT_SIR_REL_TO_SIR; DB:script/db2/selectAssociations.sql; ; 
INVOICE; CARRIER; ; n:1; A.BE_INV_OWNER_TYPE='C' AND A.R_BE_INV_OWNER=B.OID; INVOICE_TO_CARRIER; invoice.bsh, ref to BE; ; 
INVOICE; LOCALOPERATOR; ; n:1; A.BE_INV_PARTY_TYPE='L' AND A.R_BE_INV_PARTY=B.OID; INVOICE_TO_LOCALOPERATOR; invoice.bsh, ref to BE; ; 
INVOICE; SERVICEUSER; ; n:1; A.BE_INV_RECEIVER_TYPE='U' AND A.R_BE_INV_RECEIVER=B.OID; INVOICE_TO_SERVICEUSER; invoice.bsh, ref to BE; ; 
INVOICECONTRACT; BILL_GROUP; B; n:1; A.R_BILL_GROUP=B.OID; INVOICECONTRACT_TO_BILL_GROUP; DB:script/db2/selectAssociations.sql; ; 
INVOICECONTRACT; PROVIDER; ; n:1; A.BE_TYPE_INV_RECEIVER='P' AND A.R_BE_INV_RECEIVER=B.OID; INVOICECONTRACT_TO_PROVIDER; invoicecontract.bsh, ref to BE; ; 
INVOICECONTRACT; SERVICECONTRACT; B; n:1; A.R_SERVICECONTRACT=B.OID; INVOICECONTRACT_TO_SERVICECONTRACT; DB:script/db2/selectAssociations.sql; ; 
INVOICECONTRACT; SERVICEUSER; ; n:1; A.BE_TYPE_INV_RECEIVER='U' AND A.R_BE_INV_RECEIVER=B.OID; INVOICECONTRACT_TO_SERVICEUSER; invoicecontract.bsh, ref to BE; ; 
INVOICECONTRACT_PROPERTY; BANK_ACCOUNT; ; n:1; (CASE WHEN A.R_VALUE_TYPE=2035 THEN BIGINT(A.VALUE) ELSE NULL END)=B.OID AND RTRIM(CHAR(B.OID))=A.VALUE; INVOICECONTRACT_PROPERTY_TO_BANK_ACCOUNT; invoicecontract.bsh, property with BO as value; ; 
INVOICECONTRACT_PROPERTY; INVOICECONTRACT; B; n:1; A.R_INVOICECONTRACT=B.OID; INVOICECONTRACT_PROPERTY_TO_INVOICECONTRACT; DB:script/db2/selectAssociations.sql; ; 
INVOICECONTRACT_PROPERTY; MSISDN; ; n:1; (CASE WHEN A.R_VALUE_TYPE=9033 THEN BIGINT(A.VALUE) ELSE NULL END)=B.OID AND RTRIM(CHAR(B.OID))=A.VALUE; INVOICECONTRACT_PROPERTY_TO_MSISDN; invoicecontract.bsh, property with BO as value; ; 
INVOICECONTRACT_PROPERTY; ORDER_MSG; ; n:1; (CASE WHEN A.R_VALUE_TYPE=2038 THEN BIGINT(A.VALUE) ELSE NULL END)=B.OID AND RTRIM(CHAR(B.OID))=A.VALUE; INVOICECONTRACT_PROPERTY_TO_ORDER_MSG; invoicecontract.bsh, property with BO as value; ; 
INVOICECONTRACT_PROPERTY; SERVICE; ; n:1; (CASE WHEN A.R_VALUE_TYPE=2028 THEN BIGINT(A.VALUE) ELSE NULL END)=B.OID AND RTRIM(CHAR(B.OID))=A.VALUE; INVOICECONTRACT_PROPERTY_TO_SERVICE; invoicecontract.bsh, property with BO as value; ; 
INVOICECONTRACT_PROPERTY; VALUE_TYPE; B; n:1; A.R_VALUE_TYPE=B.OID; INVOICECONTRACT_PROPERTY_TO_VALUE_TYPE; DB:script/db2/selectAssociations.sql; ; 
INVOICECONTRACT_PROPERTY; YELLEX_OPERATOR; ; n:1; (CASE WHEN A.R_VALUE_TYPE=2080 THEN BIGINT(A.VALUE) ELSE NULL END)=B.OID AND RTRIM(CHAR(B.OID))=A.VALUE; INVOICECONTRACT_PROPERTY_TO_YELLEX_OPERATOR; invoicecontract.bsh, property with BO as value; ; 
INVOICECONTRACT_PROPERTY; YELLEX_RESELLER; ; n:1; (CASE WHEN A.R_VALUE_TYPE=2096 THEN BIGINT(A.VALUE) ELSE NULL END)=B.OID AND RTRIM(CHAR(B.OID))=A.VALUE; INVOICECONTRACT_PROPERTY_TO_YELLEX_RESELLER; invoicecontract.bsh, property with BO as value; ; 
INVOICECONTRACT_PROPERTY; YELLEX_USER; ; n:1; (CASE WHEN A.R_VALUE_TYPE=2082 THEN BIGINT(A.VALUE) ELSE NULL END)=B.OID AND RTRIM(CHAR(B.OID))=A.VALUE; INVOICECONTRACT_PROPERTY_TO_YELLEX_USER; invoicecontract.bsh, property with BO as value; ; 
INVOICE_CONTROL_DATA; INVOICECONTRACT; B; n:1; A.R_INVOICECONTRACT=B.OID; INVOICE_CONTROL_DATA_TO_INVOICECONTRACT; DB:script/db2/selectAssociations.sql; ; 
INVOICE_CONTROL_DATA; MSISDN; ; n:1; A.R_SUB_REF_TYPE=9033 AND A.R_SUB_REF=B.OID; INVOICE_CONTROL_DATA_TO_MSISDN; invoicecontroldata.bsh, property with BO as value; ; 
INVOICE_CONTROL_DATA; VALUE_TYPE; ; n:1; A.R_SUB_REF_TYPE=B.OID; INVOICE_CONTROL_DATA_TO_VALUE_TYPE; invoicecontroldata.bsh; ; 
INVOICE_CONTROL_DATA_PROPERTY; INVOICE_CONTROL_DATA; B; n:1; A.R_INVOICE_CONTROL_DATA=B.OID; INVOICE_CONTROL_DATA_PROPERTY_TO_INVOICE_CONTROL_DATA; DB:script/db2/selectAssociations.sql; ; 
INVOICE_CONTROL_DATA_PROPERTY; VALUE_TYPE; B; n:1; A.R_VALUE_TYPE=B.OID; INVOICE_CONTROL_DATA_PROPERTY_TO_VALUE_TYPE; DB:script/db2/selectAssociations.sql; ; 
INVOICE_DATA; ADDRESS; B; n:1; A.R_ADDRESS=B.OID; INVOICE_DATA_TO_ADDRESS; DB:script/db2/selectAssociations.sql; ; 
INVOICE_DATA; CARRIER; ; n:1; A.BE_TYPE_OWNER='C' AND A.R_BE_OWNER=B.OID; INVOICE_DATA_TO_CARRIER; invoicedata.bsh, ref to BE; ; 
INVOICE_DATA; INVOICE; ; 1:1; A.INV_NO=B.NO and A.INV_DATE=B.INV_DATE; A7; ; 
INVOICE_DATA; INVOICECONTRACT; B; n:1; A.R_INVOICECONTRACT=B.OID; INVOICE_DATA_TO_INVOICECONTRACT; DB:script/db2/selectAssociations.sql; ; 
INVOICE_DATA; LOCALOPERATOR; ; n:1; A.BE_TYPE_CREATOR='L' AND A.R_BE_CREATOR=B.OID; INVOICE_DATA_TO_LOCALOPERATOR; invoicedata.bsh, ref to BE; ; 
INVOICE_DATA; SERVICEUSER; ; n:1; A.BE_TYPE_RECEIVER='U' AND A.R_BE_RECEIVER=B.OID; INVOICE_DATA_TO_SERVICEUSER; invoicedata.bsh, ref to BE; ; 
INVOICE_DATA_PROPERTY; BANK_ACCOUNT; ; n:1; (CASE WHEN A.R_VALUE_TYPE=2035 THEN BIGINT(A.VALUE) ELSE NULL END)=B.OID AND RTRIM(CHAR(B.OID))=A.VALUE; INVOICE_DATA_PROPERTY_TO_BANK_ACCOUNT; invoicedata.bsh, property with BO as value; ; 
INVOICE_DATA_PROPERTY; INVOICECONTRACT; ; n:1; (CASE WHEN A.R_VALUE_TYPE=2072 THEN BIGINT(A.VALUE) ELSE NULL END)=B.OID AND RTRIM(CHAR(B.OID))=A.VALUE; INVOICE_DATA_PROPERTY_TO_INVOICECONTRACT; invoicedata.bsh, property with BO as value; ; 
INVOICE_DATA_PROPERTY; INVOICE_CONTROL_DATA; ; n:1; (CASE WHEN A.R_VALUE_TYPE=9039 THEN BIGINT(A.VALUE) ELSE NULL END)=B.OID AND RTRIM(CHAR(B.OID))=A.VALUE; INVOICE_DATA_PROPERTY_TO_INVOICE_CONTROL_DATA; invoicedata.bsh, property with BO as value; ; 
INVOICE_DATA_PROPERTY; INVOICE_DATA; B; n:1; A.R_INVOICE_DATA=B.OID; INVOICE_DATA_PROPERTY_TO_INVOICE_DATA; DB:script/db2/selectAssociations.sql; ; 
INVOICE_DATA_PROPERTY; MSISDN; ; n:1; (CASE WHEN A.R_VALUE_TYPE=9033 THEN BIGINT(A.VALUE) ELSE NULL END)=B.OID AND RTRIM(CHAR(B.OID))=A.VALUE; INVOICE_DATA_PROPERTY_TO_MSISDN; invoicedata.bsh, property with BO as value; ; 
INVOICE_DATA_PROPERTY; VALUE_TYPE; B; n:1; A.R_VALUE_TYPE=B.OID; INVOICE_DATA_PROPERTY_TO_VALUE_TYPE; DB:script/db2/selectAssociations.sql; ; 
INVOICE_POSITION_DATA; INVOICE_DATA; B; n:1; A.R_INVOICE_DATA=B.OID; INVOICE_POSITION_DATA_TO_INVOICE_DATA; DB:script/db2/selectAssociations.sql; ; 
INVOICE_POSITION_DATA; TARIFF; B; n:1; A.R_TARIFF=B.OID; INVOICE_POSITION_DATA_TO_TARIFF; DB:script/db2/selectAssociations.sql; ; 
INVOICE_POSITION_DATA_PROPERTY; INVOICE_POSITION_DATA; B; n:1; A.R_INVOICE_POSITION_DATA=B.OID; INVOICE_POSITION_DATA_PROPERTY_TO_INVOICE_POSITION_DATA; DB:script/db2/selectAssociations.sql; ; 
INVOICE_POSITION_DATA_PROPERTY; INV_POS_ACCUMULATION; ; n:1; (CASE WHEN A.R_VALUE_TYPE=9041 THEN BIGINT(A.VALUE) ELSE NULL END)=B.OID AND RTRIM(CHAR(B.OID))=A.VALUE; INVOICE_POSITION_DATA_PROPERTY_TO_INV_POS_ACCUMULATION; invoicepositiondata.bsh, property with BO as value; ; 
INVOICE_POSITION_DATA_PROPERTY; MOVEMENT; ; n:1; (CASE WHEN A.R_VALUE_TYPE=2025 THEN BIGINT(A.VALUE) ELSE NULL END)=B.OID AND RTRIM(CHAR(B.OID))=A.VALUE; INVOICE_POSITION_DATA_PROPERTY_TO_MOVEMENT; invoicepositiondata.bsh, property with BO as value; ; 
INVOICE_POSITION_DATA_PROPERTY; MSISDN; ; n:1; (CASE WHEN A.R_VALUE_TYPE=9033 THEN BIGINT(A.VALUE) ELSE NULL END)=B.OID AND RTRIM(CHAR(B.OID))=A.VALUE; INVOICE_POSITION_DATA_PROPERTY_TO_MSISDN; invoicepositiondata.bsh, property with BO as value; ; 
INVOICE_POSITION_DATA_PROPERTY; PROVIDER; ; n:1; (CASE WHEN A.R_VALUE_TYPE=2009 THEN BIGINT(A.VALUE) ELSE NULL END)=B.OID AND RTRIM(CHAR(B.OID))=A.VALUE; INVOICE_POSITION_DATA_PROPERTY_TO_PROVIDER; invoicepositiondata.bsh, property with BO as value; ; 
INVOICE_POSITION_DATA_PROPERTY; TARIFF; ; n:1; (CASE WHEN A.R_VALUE_TYPE=2030 THEN BIGINT(A.VALUE) ELSE NULL END)=B.OID AND RTRIM(CHAR(B.OID))=A.VALUE; INVOICE_POSITION_DATA_PROPERTY_TO_TARIFF; invoicepositiondata.bsh, property with BO as value; ; 
INVOICE_POSITION_DATA_PROPERTY; VALUE_TYPE; B; n:1; A.R_VALUE_TYPE=B.OID; INVOICE_POSITION_DATA_PROPERTY_TO_VALUE_TYPE; DB:script/db2/selectAssociations.sql; ; 
INVOICE_POSITION_DATA_PROPERTY; YELLEX_HOTSPOT; ; n:1; (CASE WHEN A.R_VALUE_TYPE=2088 THEN BIGINT(A.VALUE) ELSE NULL END)=B.OID AND RTRIM(CHAR(B.OID))=A.VALUE; INVOICE_POSITION_DATA_PROPERTY_TO_YELLEX_HOTSPOT; invoicepositiondata.bsh, property with BO as value; ; 
INVOICE_POSITION_DATA_PROPERTY; YELLEX_OPERATOR; ; n:1; (CASE WHEN A.R_VALUE_TYPE=2080 THEN BIGINT(A.VALUE) ELSE NULL END)=B.OID AND RTRIM(CHAR(B.OID))=A.VALUE; INVOICE_POSITION_DATA_PROPERTY_TO_YELLEX_OPERATOR; invoicepositiondata.bsh, property with BO as value; ; 
INVOICE_POSITION_DATA_PROPERTY; YELLEX_RESELLER; ; n:1; (CASE WHEN A.R_VALUE_TYPE=2096 THEN BIGINT(A.VALUE) ELSE NULL END)=B.OID AND RTRIM(CHAR(B.OID))=A.VALUE; INVOICE_POSITION_DATA_PROPERTY_TO_YELLEX_RESELLER; invoicepositiondata.bsh, property with BO as value; ; 
INVOICE_POSITION_DATA_PROPERTY; YELLEX_RPR_ACCUMULATION; ; n:1; (CASE WHEN A.R_VALUE_TYPE=9001 THEN BIGINT(A.VALUE) ELSE NULL END)=B.OID AND RTRIM(CHAR(B.OID))=A.VALUE; INVOICE_POSITION_DATA_PROPERTY_TO_YELLEX_RPR_ACCUMULATION; invoicepositiondata.bsh, property with BO as value; ; 
INVOICE_PROPERTY; INVOICE; B; n:1; A.R_INVOICE=B.OID; INVOICE_PROPERTY_TO_INVOICE; DB:script/db2/selectAssociations.sql; ; 
INVOICE_PROPERTY; VALUE_TYPE; B; n:1; A.R_VALUE_TYPE=B.OID; INVOICE_PROPERTY_TO_VALUE_TYPE; DB:script/db2/selectAssociations.sql; ; 
INVOICE_REPORTLEVEL_MAP; DUNNING_LEVEL_REPORT; B; n:1; A.R_DUNNING_LEVEL_REPORT=B.OID; INVOICE_REPORTLEVEL_MAP_TO_DUNNING_LEVEL_REPORT; DB:script/db2/selectAssociations.sql; ; 
INVOICE_REPORTLEVEL_MAP; INVOICE; B; n:1; A.R_INVOICE=B.OID; INVOICE_REPORTLEVEL_MAP_TO_INVOICE; DB:script/db2/selectAssociations.sql; ; 
INV_POS_ACCUMULATION; INVOICECONTRACT; ; n:1; A.R_CONTRACT=B.OID and A.R_CONTRACT_TYPE=2072; A8; ; 
INV_POS_ACCUMULATION; MSISDN; ; n:1; A.R_SUB_REF_TYPE=9033 AND A.R_SUB_REF=B.OID; INV_POS_ACCUMULATION_TO_MSISDN; invposaccumulation.bsh, property with BO as value; ; 
INV_POS_ACCUMULATION; TARIFF; B; n:1; A.R_TARIFF=B.OID; INV_POS_ACCUMULATION_TO_TARIFF; DB:script/db2/selectAssociations.sql; ; 
INV_POS_ACCUMULATION; VALUE_TYPE; ; n:1; A.R_SUB_REF_TYPE=B.OID; INV_POS_ACCUMULATION_TO_VALUE_TYPE_1; invposaccumulation.bsh; ; 
INV_POS_ACCUMULATION; VALUE_TYPE; B; n:1; A.R_CONTRACT_TYPE=B.OID; INV_POS_ACCUMULATION_TO_VALUE_TYPE; DB:script/db2/selectAssociations.sql; ; 
INV_POS_ACCUMULATION; VAT; B; n:1; A.R_VAT=B.OID; INV_POS_ACCUMULATION_TO_VAT; DB:script/db2/selectAssociations.sql; ; 
INV_POS_ACCUMULATION_PROPERTY; INV_POS_ACCUMULATION; B; n:1; A.R_INV_POS_ACCUMULATION=B.OID; INV_POS_ACCUMULATION_PROPERTY_TO_INV_POS_ACCUMULATION; DB:script/db2/selectAssociations.sql; ; 
INV_POS_ACCUMULATION_PROPERTY; VALUE_TYPE; B; n:1; A.R_VALUE_TYPE=B.OID; INV_POS_ACCUMULATION_PROPERTY_TO_VALUE_TYPE; DB:script/db2/selectAssociations.sql; ; 
LINE; INVOICECONTRACT; B; n:1; A.R_INVOICECONTRACT=B.OID; LINE_TO_INVOICECONTRACT; DB:script/db2/selectAssociations.sql; ; 
LINE_PROPERTY; LINE; B; n:1; A.R_LINE=B.OID; LINE_PROPERTY_TO_LINE; DB:script/db2/selectAssociations.sql; ; 
LINE_PROPERTY; VALUE_TYPE; B; n:1; A.R_VALUE_TYPE=B.OID; LINE_PROPERTY_TO_VALUE_TYPE; DB:script/db2/selectAssociations.sql; ; 
LOCALOPERATOR; FTPSERVER; ; n:1; A.R_FTPSERVER=B.OID; LOCALOPERATOR_TO_FTPSERVER; localoperator.bsh; ; 
LOCALOPERATOR_PROPERTY; LOCALOPERATOR; B; n:1; A.R_LOCALOPERATOR=B.OID; LOCALOPERATOR_PROPERTY_TO_LOCALOPERATOR; DB:script/db2/selectAssociations.sql; ; 
LOCALOPERATOR_PROPERTY; VALUE_TYPE; B; n:1; A.R_VALUE_TYPE=B.OID; LOCALOPERATOR_PROPERTY_TO_VALUE_TYPE; DB:script/db2/selectAssociations.sql; ; 
LOCOP_USER_MAP; LOCALOPERATOR; B; n:1; A.R_LOCALOPERATOR=B.OID; LOCOP_USER_MAP_TO_LOCALOPERATOR; DB:script/db2/selectAssociations.sql; ; 
LOCOP_USER_MAP; SERVICEUSER; B; n:1; A.R_SERVICEUSER=B.OID; LOCOP_USER_MAP_TO_SERVICEUSER; DB:script/db2/selectAssociations.sql; ; 
LOGIN_ROLE_MAP; LOGIN; B; n:1; A.R_LOGIN=B.OID; LOGIN_ROLE_MAP_TO_LOGIN; DB:script/db2/selectAssociations.sql; ; 
LOGIN_ROLE_MAP; USER_ROLE; ; n:1; A.R_ROLE=B.OID; LOGIN_ROLE_MAP_TO_USER_ROLE; loginrolemap.bsh; ; 
MAIL_TEMPLATE_PROPERTY; MAIL_TEMPLATE; B; n:1; A.R_MAIL_TEMPLATE=B.OID; MAIL_TEMPLATE_PROPERTY_TO_MAIL_TEMPLATE; DB:script/db2/selectAssociations.sql; ; 
MAIL_TEMPLATE_PROPERTY; VALUE_TYPE; B; n:1; A.R_VALUE_TYPE=B.OID; MAIL_TEMPLATE_PROPERTY_TO_VALUE_TYPE; DB:script/db2/selectAssociations.sql; ; 
MOB_PROV_REQ_CTX; INVOICECONTRACT; B; n:1; A.R_INVOICECONTRACT=B.OID; MOB_PROV_REQ_CTX_TO_INVOICECONTRACT; DB:script/db2/selectAssociations.sql; ; 
MOP_PROPERTY; FTPSERVER; ; n:1; (CASE WHEN A.R_VALUE_TYPE=2044 THEN BIGINT(A.VALUE) ELSE NULL END)=B.OID AND RTRIM(CHAR(B.OID))=A.VALUE; MOP_PROPERTY_TO_FTPSERVER; mop.bsh, property with BO as value; ; 
MOP_PROPERTY; MAILSERVER; ; n:1; (CASE WHEN A.R_VALUE_TYPE=2045 THEN BIGINT(A.VALUE) ELSE NULL END)=B.OID AND RTRIM(CHAR(B.OID))=A.VALUE; MOP_PROPERTY_TO_MAILSERVER; mop.bsh, property with BO as value; ; 
MOP_PROPERTY; MOP; B; n:1; A.R_MOP=B.OID; MOP_PROPERTY_TO_MOP; DB:script/db2/selectAssociations.sql; ; 
MOP_PROPERTY; VALUE_TYPE; B; n:1; A.R_VALUE_TYPE=B.OID; MOP_PROPERTY_TO_VALUE_TYPE; DB:script/db2/selectAssociations.sql; ; 
MOTD_PROPERTY; MOTD; B; n:1; A.R_MOTD=B.OID; MOTD_PROPERTY_TO_MOTD; DB:script/db2/selectAssociations.sql; ; 
MOTD_PROPERTY; VALUE_TYPE; B; n:1; A.R_VALUE_TYPE=B.OID; MOTD_PROPERTY_TO_VALUE_TYPE; DB:script/db2/selectAssociations.sql; ; 
MOVEMENT; ACCOUNT; B; n:1; A.R_ACCOUNT=B.OID; MOVEMENT_TO_ACCOUNT; DB:script/db2/selectAssociations.sql; ; 
MOVEMENT; ACCOUNT_TEXT; B; n:1; A.R_ACCOUNT_TEXT=B.OID; MOVEMENT_TO_ACCOUNT_TEXT; DB:script/db2/selectAssociations.sql; ; 
MOVEMENT; VOUCHER; B; n:1; A.R_VOUCHER=B.OID; MOVEMENT_TO_VOUCHER; DB:script/db2/selectAssociations.sql; ; 
MSISDN_PROPERTY; MSISDN; B; n:1; A.R_MSISDN=B.OID; MSISDN_PROPERTY_TO_MSISDN; DB:script/db2/selectAssociations.sql; ; 
MSISDN_PROPERTY; SCT_DESCRIPTOR; ; n:1; (CASE WHEN A.R_VALUE_TYPE=9050 THEN BIGINT(A.VALUE) ELSE NULL END)=B.OID AND RTRIM(CHAR(B.OID))=A.VALUE; MSISDN_PROPERTY_TO_SCT_DESCRIPTOR; msisdn.bsh, property with BO as value; ; 
MSISDN_PROPERTY; SERVICE_TERMS; ; n:1; (CASE WHEN A.R_VALUE_TYPE=9051 THEN BIGINT(A.VALUE) ELSE NULL END)=B.OID AND RTRIM(CHAR(B.OID))=A.VALUE; MSISDN_PROPERTY_TO_SERVICE_TERMS; msisdn.bsh, property with BO as value; ; 
MSISDN_PROPERTY; VALUE_TYPE; B; n:1; A.R_VALUE_TYPE=B.OID; MSISDN_PROPERTY_TO_VALUE_TYPE; DB:script/db2/selectAssociations.sql; ; 
MSN; INVOICECONTRACT; B; n:1; A.R_INVOICECONTRACT=B.OID; MSN_TO_INVOICECONTRACT; DB:script/db2/selectAssociations.sql; ; 
MSN; LINE; B; n:1; A.R_LINE=B.OID; MSN_TO_LINE; DB:script/db2/selectAssociations.sql; ; 
MSN_INDEX; VALUE_TYPE; B; n:1; A.R_DATA_TYPE=B.OID; MSN_INDEX_TO_VALUE_TYPE; DB:script/db2/selectAssociations.sql; ; 
MSN_PROPERTY; MSN; B; n:1; A.R_MSN=B.OID; MSN_PROPERTY_TO_MSN; DB:script/db2/selectAssociations.sql; ; 
MSN_PROPERTY; VALUE_TYPE; B; n:1; A.R_VALUE_TYPE=B.OID; MSN_PROPERTY_TO_VALUE_TYPE; DB:script/db2/selectAssociations.sql; ; 
ONLINE_USER; SERVICEUSER; ; n:1; A.R_SERVICEUSER=B.OID; ONLINE_USER_TO_SERVICEUSER; onlineuser.bsh; ; 
ONLINE_USER_PROPERTY; ONLINE_USER; B; n:1; A.R_ONLINE_USER=B.OID; ONLINE_USER_PROPERTY_TO_ONLINE_USER; DB:script/db2/selectAssociations.sql; ; 
ONLINE_USER_PROPERTY; VALUE_TYPE; B; n:1; A.R_VALUE_TYPE=B.OID; ONLINE_USER_PROPERTY_TO_VALUE_TYPE; DB:script/db2/selectAssociations.sql; ; 
OPEN_ITEM_CLEARING; MOVEMENT; B; n:1; A.R_MOVEMENT1=B.OID; OPEN_ITEM_CLEARING_TO_MOVEMENT; DB:script/db2/selectAssociations.sql; ; 
OPEN_ITEM_CLEARING; MOVEMENT; B; n:1; A.R_MOVEMENT2=B.OID; OPEN_ITEM_CLEARING_TO_MOVEMENT_1; DB:script/db2/selectAssociations.sql; ; 
ORDER_ENTRY; AAA_USER; B; n:1; A.R_AAA_USER=B.OID; ORDER_ENTRY_TO_AAA_USER; DB:script/db2/selectAssociations.sql; ; 
ORDER_ENTRY; ORDER_USER; B; n:1; A.R_ORDER_USER=B.OID; ORDER_ENTRY_TO_ORDER_USER; DB:script/db2/selectAssociations.sql; ; 
ORDER_ENTRY; SERVICECONTRACT; B; n:1; A.R_SERVICECONTRACT=B.OID; ORDER_ENTRY_TO_SERVICECONTRACT; DB:script/db2/selectAssociations.sql; ; 
ORDER_ENTRY_CONTRACT; ORDER_ENTRY; B; n:1; A.R_ORDER_ENTRY=B.OID; ORDER_ENTRY_CONTRACT_TO_ORDER_ENTRY; DB:script/db2/selectAssociations.sql; ; 
ORDER_ENTRY_CONTRACT; SERVICECONTRACT; B; n:1; A.R_SERVICECONTRACT=B.OID; ORDER_ENTRY_CONTRACT_TO_SERVICECONTRACT; DB:script/db2/selectAssociations.sql; ; 
ORDER_ENTRY_CONTRACT_PROPERTY; ORDER_ENTRY_CONTRACT; B; n:1; A.R_ORDER_ENTRY_CONTRACT=B.OID; ORDER_ENTRY_CONTRACT_PROPERTY_TO_ORDER_ENTRY_CONTRACT; DB:script/db2/selectAssociations.sql; ; 
ORDER_ENTRY_CONTRACT_PROPERTY; VALUE_TYPE; B; n:1; A.R_VALUE_TYPE=B.OID; ORDER_ENTRY_CONTRACT_PROPERTY_TO_VALUE_TYPE; DB:script/db2/selectAssociations.sql; ; 
ORDER_ENTRY_PROPERTY; ORDER_ENTRY; B; n:1; A.R_ORDER_ENTRY=B.OID; ORDER_ENTRY_PROPERTY_TO_ORDER_ENTRY; DB:script/db2/selectAssociations.sql; ; 
ORDER_ENTRY_PROPERTY; VALUE_TYPE; B; n:1; A.R_VALUE_TYPE=B.OID; ORDER_ENTRY_PROPERTY_TO_VALUE_TYPE; DB:script/db2/selectAssociations.sql; ; 
ORDER_HISTORY; ORDER_MSG; B; n:1; A.R_ORDER=B.OID; ORDER_HISTORY_TO_ORDER_MSG; DB:script/db2/selectAssociations.sql; ; 
ORDER_HISTORY_PROPERTY; ORDER_HISTORY; B; n:1; A.R_ORDER_HISTORY=B.OID; ORDER_HISTORY_PROPERTY_TO_ORDER_HISTORY; DB:script/db2/selectAssociations.sql; ; 
ORDER_HISTORY_PROPERTY; VALUE_TYPE; B; n:1; A.R_VALUE_TYPE=B.OID; ORDER_HISTORY_PROPERTY_TO_VALUE_TYPE; DB:script/db2/selectAssociations.sql; ; 
ORDER_MSG; SERVICEUSER; ; n:1; A.R_SUBJECT_TYPE=2013 AND A.R_SUBJECT=B.OID; ORDER_MSG_TO_SERVICEUSER; order.bsh, property with BO as value; ; 
ORDER_MSG; VALUE_TYPE; B; n:1; A.R_SUBJECT_TYPE=B.OID; ORDER_MSG_TO_VALUE_TYPE; DB:script/db2/selectAssociations.sql; ; 
ORDER_MSG_PROPERTY; ORDER_MSG; B; n:1; A.R_ORDER_MSG=B.OID; ORDER_MSG_PROPERTY_TO_ORDER_MSG; DB:script/db2/selectAssociations.sql; ; 
ORDER_MSG_PROPERTY; VALUE_TYPE; B; n:1; A.R_VALUE_TYPE=B.OID; ORDER_MSG_PROPERTY_TO_VALUE_TYPE; DB:script/db2/selectAssociations.sql; ; 
ORDER_REPRESENTATIVE; SERVICECONTRACT; B; n:1; A.R_SERVICECONTRACT=B.OID; ORDER_REPRESENTATIVE_TO_SERVICECONTRACT; DB:script/db2/selectAssociations.sql; ; 
ORDER_TICKET_MAP; ORDER_MSG; B; n:1; A.R_ORDER=B.OID; ORDER_TICKET_MAP_TO_ORDER_MSG; DB:script/db2/selectAssociations.sql; ; 
ORDER_TICKET_MAP; TICKET; B; n:1; A.R_TICKET=B.OID; ORDER_TICKET_MAP_TO_TICKET; DB:script/db2/selectAssociations.sql; ; 
ORDER_USER; AAA_USER; B; n:1; A.R_AAA_USER=B.OID; ORDER_USER_TO_AAA_USER; DB:script/db2/selectAssociations.sql; ; 
ORDER_USER; SERVICECONTRACT; B; n:1; A.R_SERVICECONTRACT=B.OID; ORDER_USER_TO_SERVICECONTRACT; DB:script/db2/selectAssociations.sql; ; 
ORDER_USER_PROPERTY; ORDER_USER; B; n:1; A.R_ORDER_USER=B.OID; ORDER_USER_PROPERTY_TO_ORDER_USER; DB:script/db2/selectAssociations.sql; ; 
ORDER_USER_PROPERTY; VALUE_TYPE; B; n:1; A.R_VALUE_TYPE=B.OID; ORDER_USER_PROPERTY_TO_VALUE_TYPE; DB:script/db2/selectAssociations.sql; ; 
ORDER_VALIDATION; VALUE_TYPE; B; n:1; A.R_BO_VALIDATED_VT=B.OID; ORDER_VALIDATION_TO_VALUE_TYPE; DB:script/db2/selectAssociations.sql; ; 
ORDER_VALIDATION_PROPERTY; ORDER_VALIDATION; B; n:1; A.R_ORDER_VALIDATION=B.OID; ORDER_VALIDATION_PROPERTY_TO_ORDER_VALIDATION; DB:script/db2/selectAssociations.sql; ; 
ORDER_VALIDATION_PROPERTY; VALUE_TYPE; B; n:1; A.R_VALUE_TYPE=B.OID; ORDER_VALIDATION_PROPERTY_TO_VALUE_TYPE; DB:script/db2/selectAssociations.sql; ; 
PAYMENT_REMINDER; SERVICECONTRACT; B; n:1; A.R_SERVICECONTRACT=B.OID; PAYMENT_REMINDER_TO_SERVICECONTRACT; DB:script/db2/selectAssociations.sql; ; 
PAYMENT_REMINDER; SERVICEUSER; ; n:1; A.R_RECEIVER_VT=2013 AND A.R_RECEIVER=B.OID; PAYMENT_REMINDER_TO_SERVICEUSER; payment_reminder.bsh, property with BO as value; ; 
PAYMENT_REMINDER; VALUE_TYPE; B; n:1; A.R_RECEIVER_VT=B.OID; PAYMENT_REMINDER_TO_VALUE_TYPE; DB:script/db2/selectAssociations.sql; ; 
PAYMENT_REMINDER_CHARGE; PAYMENT_REMINDER; B; n:1; A.R_PAYMENT_REMINDER=B.OID; PAYMENT_REMINDER_CHARGE_TO_PAYMENT_REMINDER; DB:script/db2/selectAssociations.sql; ; 
PAYMENT_REMINDER_CHARGE; TARIFF; B; n:1; A.R_TARIFF=B.OID; PAYMENT_REMINDER_CHARGE_TO_TARIFF; DB:script/db2/selectAssociations.sql; ; 
PAYMENT_REMINDER_ELEMENT; PAYMENT_REMINDER; B; n:1; A.R_PAYMENT_REMINDER=B.OID; PAYMENT_REMINDER_ELEMENT_TO_PAYMENT_REMINDER; DB:script/db2/selectAssociations.sql; ; 
PAYMENT_REMINDER_ELEMENT; SIR; B; n:1; A.R_SIR=B.OID; PAYMENT_REMINDER_ELEMENT_TO_SIR; DB:script/db2/selectAssociations.sql; ; 
PAYMENT_REMINDER_PROPERTY; PAYMENT_REMINDER; B; n:1; A.R_PAYMENT_REMINDER=B.OID; PAYMENT_REMINDER_PROPERTY_TO_PAYMENT_REMINDER; DB:script/db2/selectAssociations.sql; ; 
PAYMENT_REMINDER_PROPERTY; VALUE_TYPE; B; n:1; A.R_VALUE_TYPE=B.OID; PAYMENT_REMINDER_PROPERTY_TO_VALUE_TYPE; DB:script/db2/selectAssociations.sql; ; 
PAY_REM_SIR_STATE; SIR; B; n:1; A.R_SIR=B.OID; PAY_REM_SIR_STATE_TO_SIR; DB:script/db2/selectAssociations.sql; ; 
PORTING_ORDER; AAA_USER; B; n:1; A.R_AAA_USER=B.OID; PORTING_ORDER_TO_AAA_USER; DB:script/db2/selectAssociations.sql; ; 
PORTING_ORDER; ORDER_USER; B; n:1; A.R_ORDER_USER=B.OID; PORTING_ORDER_TO_ORDER_USER; DB:script/db2/selectAssociations.sql; ; 
PORTING_ORDER; SERVICECONTRACT; B; n:1; A.R_SERVICECONTRACT=B.OID; PORTING_ORDER_TO_SERVICECONTRACT; DB:script/db2/selectAssociations.sql; ; 
PORTING_ORDER_PROPERTY; PORTING_ORDER; B; n:1; A.R_PORTING_ORDER=B.OID; PORTING_ORDER_PROPERTY_TO_PORTING_ORDER; DB:script/db2/selectAssociations.sql; ; 
PORTING_ORDER_PROPERTY; VALUE_TYPE; B; n:1; A.R_VALUE_TYPE=B.OID; PORTING_ORDER_PROPERTY_TO_VALUE_TYPE; DB:script/db2/selectAssociations.sql; ; 
PP_REQUEST_STATE_PROPERTY; PP_REQUEST_STATE; B; n:1; A.R_PP_REQUEST_STATE=B.OID; PP_REQUEST_STATE_PROPERTY_TO_PP_REQUEST_STATE; DB:script/db2/selectAssociations.sql; ; 
PP_REQUEST_STATE_PROPERTY; VALUE_TYPE; B; n:1; A.R_VALUE_TYPE=B.OID; PP_REQUEST_STATE_PROPERTY_TO_VALUE_TYPE; DB:script/db2/selectAssociations.sql; ; 
PRE_DUNNING_REFERENCE; ADDRESS; ; n:1; A.R_ADDRESS=B.OID; PRE_DUNNING_REFERENCE_TO_ADDRESS; predunningreference.bsh; ; 
PRE_DUNNING_REFERENCE; INVOICE; B; n:1; A.R_INVOICE=B.OID; PRE_DUNNING_REFERENCE_TO_INVOICE; DB:script/db2/selectAssociations.sql; ; 
PRE_DUNNING_REFERENCE; MOVEMENT; B; n:1; A.R_MOVEMENT=B.OID; PRE_DUNNING_REFERENCE_TO_MOVEMENT; DB:script/db2/selectAssociations.sql; ; 
PRODUCT; TARIFF; B; n:1; A.R_TARIFF=B.OID; PRODUCT_TO_TARIFF; DB:script/db2/selectAssociations.sql; ; 
PRODUCT_MAP; CARRIER; B; n:1; A.R_CARRIER=B.OID; PRODUCT_MAP_TO_CARRIER; DB:script/db2/selectAssociations.sql; ; 
PRODUCT_MAP; LOCALOPERATOR; B; n:1; A.R_LOCALOPERATOR=B.OID; PRODUCT_MAP_TO_LOCALOPERATOR; DB:script/db2/selectAssociations.sql; ; 
PRODUCT_MAP; PROVIDER; B; n:1; A.R_PROVIDER=B.OID; PRODUCT_MAP_TO_PROVIDER; DB:script/db2/selectAssociations.sql; ; 
PRODUCT_MAP_PROPERTY; PRODUCT_MAP; B; n:1; A.R_PRODUCT_MAP=B.OID; PRODUCT_MAP_PROPERTY_TO_PRODUCT_MAP; DB:script/db2/selectAssociations.sql; ; 
PRODUCT_MAP_PROPERTY; VALUE_TYPE; B; n:1; A.R_VALUE_TYPE=B.OID; PRODUCT_MAP_PROPERTY_TO_VALUE_TYPE; DB:script/db2/selectAssociations.sql; ; 
PRODUCT_ORDER_MOBILE; ORDER_ENTRY; B; n:1; A.R_ORDER_ENTRY=B.OID; PRODUCT_ORDER_MOBILE_TO_ORDER_ENTRY; DB:script/db2/selectAssociations.sql; ; 
PRODUCT_ORDER_MOBILE_PROPERTY; PRODUCT_ORDER_MOBILE; B; n:1; A.R_PRODUCT_ORDER_MOBILE=B.OID; PRODUCT_ORDER_MOBILE_PROPERTY_TO_PRODUCT_ORDER_MOBILE; DB:script/db2/selectAssociations.sql; ; 
PRODUCT_ORDER_MOBILE_PROPERTY; VALUE_TYPE; B; n:1; A.R_VALUE_TYPE=B.OID; PRODUCT_ORDER_MOBILE_PROPERTY_TO_VALUE_TYPE; DB:script/db2/selectAssociations.sql; ; 
PRODUCT_TARIFF_MAP; PRODUCT_MAP; B; n:1; A.R_PRODUCT_MAP=B.OID; PRODUCT_TARIFF_MAP_TO_PRODUCT_MAP; DB:script/db2/selectAssociations.sql; ; 
PRODUCT_TARIFF_MAP; TARIFF; B; n:1; A.R_TARIFF=B.OID; PRODUCT_TARIFF_MAP_TO_TARIFF; DB:script/db2/selectAssociations.sql; ; 
PROVIDER; CARRIER; B; n:1; A.R_CARRIER=B.OID; PROVIDER_TO_CARRIER; DB:script/db2/selectAssociations.sql; ; 
PROVIDER_PROPERTY; PROVIDER; B; n:1; A.R_PROVIDER=B.OID; PROVIDER_PROPERTY_TO_PROVIDER; DB:script/db2/selectAssociations.sql; ; 
PROVIDER_PROPERTY; VALUE_TYPE; B; n:1; A.R_VALUE_TYPE=B.OID; PROVIDER_PROPERTY_TO_VALUE_TYPE; DB:script/db2/selectAssociations.sql; ; 
RATING; CALL_ZONE; B; n:1; A.R_CALL_ZONE=B.OID; RATING_TO_CALL_ZONE; DB:script/db2/selectAssociations.sql; ; 
RATING; RATINGCONTRACT; B; n:1; A.R_RATING_CONTRACT=B.OID; RATING_TO_RATINGCONTRACT; DB:script/db2/selectAssociations.sql; ; 
RATING; TARIFF; B; n:1; A.R_TARIFF=B.OID; RATING_TO_TARIFF; DB:script/db2/selectAssociations.sql; ; 
RATING; TIME_ZONE; B; n:1; A.R_TIME_ZONE=B.OID; RATING_TO_TIME_ZONE; DB:script/db2/selectAssociations.sql; ; 
RATING; VOLUME_ZONE; B; n:1; A.R_VOLUME_ZONE=B.OID; RATING_TO_VOLUME_ZONE; DB:script/db2/selectAssociations.sql; ; 
RATINGCONTRACT; CARRIER; B; n:1; A.R_CARRIER=B.OID; RATINGCONTRACT_TO_CARRIER; DB:script/db2/selectAssociations.sql; ; 
RATINGCONTRACT; LOCALOPERATOR; ; n:1; A.BE_TYPE_BILLING='L' AND A.R_BE_BILLING=B.OID; RATINGCONTRACT_TO_LOCALOPERATOR; ratingcontract.bsh, ref to BE; ; 
RATINGCONTRACT; MOP; ; n:1; A.BE_TYPE_RATING='M' AND A.R_BE_RATING=B.OID; RATINGCONTRACT_TO_MOP; ratingcontract.bsh, ref to BE; ; 
RATINGCONTRACT_PROPERTY; RATINGCONTRACT; B; n:1; A.R_RATINGCONTRACT=B.OID; RATINGCONTRACT_PROPERTY_TO_RATINGCONTRACT; DB:script/db2/selectAssociations.sql; ; 
RATINGCONTRACT_PROPERTY; VALUE_TYPE; B; n:1; A.R_VALUE_TYPE=B.OID; RATINGCONTRACT_PROPERTY_TO_VALUE_TYPE; DB:script/db2/selectAssociations.sql; ; 
RATING_PROPERTY; RATING; B; n:1; A.R_RATING=B.OID; RATING_PROPERTY_TO_RATING; DB:script/db2/selectAssociations.sql; ; 
RATING_PROPERTY; VALUE_TYPE; B; n:1; A.R_VALUE_TYPE=B.OID; RATING_PROPERTY_TO_VALUE_TYPE; DB:script/db2/selectAssociations.sql; ; 
REFUND; INPAYMENT; B; n:1; A.R_INPAYMENT=B.OID; REFUND_TO_INPAYMENT; DB:script/db2/selectAssociations.sql; ; 
REFUND; VOUCHER; ; n:1; A.R_VOUCHER=B.OID; REFUND_TO_VOUCHER; refund.bsh; ; 
REFUND_PROPERTY; REFUND; B; n:1; A.R_REFUND=B.OID; REFUND_PROPERTY_TO_REFUND; DB:script/db2/selectAssociations.sql; ; 
REFUND_PROPERTY; VALUE_TYPE; B; n:1; A.R_VALUE_TYPE=B.OID; REFUND_PROPERTY_TO_VALUE_TYPE; DB:script/db2/selectAssociations.sql; ; 
RETURNING_MAIL; SERVICEUSER; ; n:1; A.BE_TYPE='U' AND A.R_BE=B.OID; RETURNING_MAIL_TO_SERVICEUSER; returningmail.bsh, ref to BE; ; 
ROLE_RIGHT_MAP; USER_RIGHT; B; n:1; A.R_RIGHT=B.OID; ROLE_RIGHT_MAP_TO_USER_RIGHT; DB:script/db2/selectAssociations.sql; ; 
ROLE_RIGHT_MAP; USER_ROLE; ; n:1; A.R_ROLE=B.OID; ROLE_RIGHT_MAP_TO_USER_ROLE; rolerightmap.bsh; ; 
SCT_DESCRIPTOR_PROPERTY; SCT_DESCRIPTOR; B; n:1; A.R_SCT_DESCRIPTOR=B.OID; SCT_DESCRIPTOR_PROPERTY_TO_SCT_DESCRIPTOR; DB:script/db2/selectAssociations.sql; ; 
SCT_DESCRIPTOR_PROPERTY; VALUE_TYPE; B; n:1; A.R_VALUE_TYPE=B.OID; SCT_DESCRIPTOR_PROPERTY_TO_VALUE_TYPE; DB:script/db2/selectAssociations.sql; ; 
SERVICE; CARRIER; ; n:1; A.BE_TYPE_SUPPLIER='C' AND A.R_BE_SUPPLIER=B.OID; SERVICE_TO_CARRIER; service.bsh, ref to BE; ; 
SERVICE; CARRIER_GROUP; ; n:1; A.BE_TYPE_SUPPLIER='G' AND A.R_BE_SUPPLIER=B.OID; SERVICE_TO_CARRIER_GROUP; service.bsh, ref to BE; ; 
SERVICE; COLLECTIONSERVICE; ; n:1; A.BE_TYPE_SUPPLIER='S' AND A.R_BE_SUPPLIER=B.OID; SERVICE_TO_COLLECTIONSERVICE; service.bsh, ref to BE; ; 
SERVICE; LOCALOPERATOR; ; n:1; A.BE_TYPE_SUPPLIER='L' AND A.R_BE_SUPPLIER=B.OID; SERVICE_TO_LOCALOPERATOR; service.bsh, ref to BE; ; 
SERVICE; MOP; ; n:1; A.BE_TYPE_SUPPLIER='M' AND A.R_BE_SUPPLIER=B.OID; SERVICE_TO_MOP; service.bsh, ref to BE; ; 
SERVICECONTRACT; CARRIER; ; n:1; A.BE_TYPE_USER='C' AND A.R_BE_USER=B.OID; SERVICECONTRACT_TO_CARRIER; servicecontract.bsh, ref to BE; ; 
SERVICECONTRACT; CARRIER_GROUP; ; n:1; A.BE_TYPE_USER='G' AND A.R_BE_USER=B.OID; SERVICECONTRACT_TO_CARRIER_GROUP; servicecontract.bsh, ref to BE; ; 
SERVICECONTRACT; COLLECTIONSERVICE; ; n:1; A.BE_TYPE_USER='S' AND A.R_BE_USER=B.OID; SERVICECONTRACT_TO_COLLECTIONSERVICE; servicecontract.bsh, ref to BE; ; 
SERVICECONTRACT; SERVICE; B; n:1; A.R_SERVICE=B.OID; SERVICECONTRACT_TO_SERVICE; DB:script/db2/selectAssociations.sql; ; 
SERVICECONTRACT_PROPERTY; BANK_ACCOUNT; ; n:1; (CASE WHEN A.R_VALUE_TYPE=2035 THEN BIGINT(A.VALUE) ELSE NULL END)=B.OID AND RTRIM(CHAR(B.OID))=A.VALUE; SERVICECONTRACT_PROPERTY_TO_BANK_ACCOUNT; servicecontract.bsh, property with BO as value; ; 
SERVICECONTRACT_PROPERTY; CARRIER; ; n:1; (CASE WHEN A.R_VALUE_TYPE=2003 THEN BIGINT(A.VALUE) ELSE NULL END)=B.OID AND RTRIM(CHAR(B.OID))=A.VALUE; SERVICECONTRACT_PROPERTY_TO_CARRIER; servicecontract.bsh, property with BO as value; ; 
SERVICECONTRACT_PROPERTY; PRODUCT_MAP; ; n:1; (CASE WHEN A.R_VALUE_TYPE=2046 THEN BIGINT(A.VALUE) ELSE NULL END)=B.OID AND RTRIM(CHAR(B.OID))=A.VALUE; SERVICECONTRACT_PROPERTY_TO_PRODUCT_MAP; servicecontract.bsh, property with BO as value; ; 
SERVICECONTRACT_PROPERTY; SCT_DESCRIPTOR; ; n:1; (CASE WHEN A.R_VALUE_TYPE=9050 THEN BIGINT(A.VALUE) ELSE NULL END)=B.OID AND RTRIM(CHAR(B.OID))=A.VALUE; SERVICECONTRACT_PROPERTY_TO_SCT_DESCRIPTOR; servicecontract.bsh, property with BO as value; ; 
SERVICECONTRACT_PROPERTY; SERVICE; ; n:1; (CASE WHEN A.R_VALUE_TYPE=2028 THEN BIGINT(A.VALUE) ELSE NULL END)=B.OID AND RTRIM(CHAR(B.OID))=A.VALUE; SERVICECONTRACT_PROPERTY_TO_SERVICE; servicecontract.bsh, property with BO as value; ; 
SERVICECONTRACT_PROPERTY; SERVICECONTRACT; ; n:1; (CASE WHEN A.R_VALUE_TYPE=2070 THEN BIGINT(A.VALUE) ELSE NULL END)=B.OID AND RTRIM(CHAR(B.OID))=A.VALUE; SERVICECONTRACT_PROPERTY_TO_SERVICECONTRACT_1; servicecontract.bsh, property with BO as value; ; 
SERVICECONTRACT_PROPERTY; SERVICECONTRACT; B; n:1; A.R_SERVICECONTRACT=B.OID; SERVICECONTRACT_PROPERTY_TO_SERVICECONTRACT; DB:script/db2/selectAssociations.sql; ; 
SERVICECONTRACT_PROPERTY; VALUE_TYPE; B; n:1; A.R_VALUE_TYPE=B.OID; SERVICECONTRACT_PROPERTY_TO_VALUE_TYPE; DB:script/db2/selectAssociations.sql; ; 
SERVICEUSER; LOCALOPERATOR; B; n:1; A.R_LOCALOPERATOR=B.OID; SERVICEUSER_TO_LOCALOPERATOR; DB:script/db2/selectAssociations.sql; ; 
SERVICEUSER_PROPERTY; AAA_USER; ; n:1; (CASE WHEN A.R_VALUE_TYPE=9020 THEN BIGINT(A.VALUE) ELSE NULL END)=B.OID AND RTRIM(CHAR(B.OID))=A.VALUE; SERVICEUSER_PROPERTY_TO_AAA_USER; serviceuser.bsh, property with BO as value; ; 
SERVICEUSER_PROPERTY; LOGIN; ; n:1; (CASE WHEN A.R_VALUE_TYPE=2037 THEN BIGINT(A.VALUE) ELSE NULL END)=B.OID AND RTRIM(CHAR(B.OID))=A.VALUE; SERVICEUSER_PROPERTY_TO_LOGIN; serviceuser.bsh, property with BO as value; ; 
SERVICEUSER_PROPERTY; MSISDN; ; n:1; (CASE WHEN A.R_VALUE_TYPE=9033 THEN BIGINT(A.VALUE) ELSE NULL END)=B.OID AND RTRIM(CHAR(B.OID))=A.VALUE; SERVICEUSER_PROPERTY_TO_MSISDN; serviceuser.bsh, property with BO as value; ; 
SERVICEUSER_PROPERTY; SERVICEUSER; B; n:1; A.R_SERVICEUSER=B.OID; SERVICEUSER_PROPERTY_TO_SERVICEUSER; DB:script/db2/selectAssociations.sql; ; 
SERVICEUSER_PROPERTY; VALUE_TYPE; B; n:1; A.R_VALUE_TYPE=B.OID; SERVICEUSER_PROPERTY_TO_VALUE_TYPE; DB:script/db2/selectAssociations.sql; ; 
SERVICE_OCCURRENCE; CONTRACT_SUBREF; B; n:1; A.R_CONTRACT_SUBREF=B.OID; SERVICE_OCCURRENCE_TO_CONTRACT_SUBREF; DB:script/db2/selectAssociations.sql; ; 
SERVICE_OCCURRENCE; SERVICE; B; n:1; A.R_SERVICE=B.OID; SERVICE_OCCURRENCE_TO_SERVICE; DB:script/db2/selectAssociations.sql; ; 
SERVICE_OCCURRENCE_PROPERTY; SERVICE_OCCURRENCE; B; n:1; A.R_SERVICE_OCCURRENCE=B.OID; SERVICE_OCCURRENCE_PROPERTY_TO_SERVICE_OCCURRENCE; DB:script/db2/selectAssociations.sql; ; 
SERVICE_OCCURRENCE_PROPERTY; VALUE_TYPE; B; n:1; A.R_VALUE_TYPE=B.OID; SERVICE_OCCURRENCE_PROPERTY_TO_VALUE_TYPE; DB:script/db2/selectAssociations.sql; ; 
SERVICE_PROPERTY; SERVICE; B; n:1; A.R_SERVICE=B.OID; SERVICE_PROPERTY_TO_SERVICE; DB:script/db2/selectAssociations.sql; ; 
SERVICE_PROPERTY; VALUE_TYPE; B; n:1; A.R_VALUE_TYPE=B.OID; SERVICE_PROPERTY_TO_VALUE_TYPE; DB:script/db2/selectAssociations.sql; ; 
SERVICE_TERMS; SCT_DESCRIPTOR; B; n:1; A.R_SCT_DESCRIPTOR=B.OID; SERVICE_TERMS_TO_SCT_DESCRIPTOR; DB:script/db2/selectAssociations.sql; ; 
SERVICE_TERMS; SERVICE; B; n:1; A.R_SERVICE=B.OID; SERVICE_TERMS_TO_SERVICE; DB:script/db2/selectAssociations.sql; ; 
SERVICE_TERMS_PROPERTY; SERVICE_TERMS; B; n:1; A.R_SERVICE_TERMS=B.OID; SERVICE_TERMS_PROPERTY_TO_SERVICE_TERMS; DB:script/db2/selectAssociations.sql; ; 
SERVICE_TERMS_PROPERTY; VALUE_TYPE; B; n:1; A.R_VALUE_TYPE=B.OID; SERVICE_TERMS_PROPERTY_TO_VALUE_TYPE; DB:script/db2/selectAssociations.sql; ; 
SET_MEMBER; VALUE_TYPE; B; n:1; A.R_MEMBER_VT=B.OID; SET_MEMBER_TO_VALUE_TYPE; DB:script/db2/selectAssociations.sql; ; 
SIM; MSISDN; ; n:1; A.R_MSISDN=B.OID; SIM_TO_MSISDN; sim.bsh; ; 
SIM_PROPERTY; SIM; B; n:1; A.R_SIM=B.OID; SIM_PROPERTY_TO_SIM; DB:script/db2/selectAssociations.sql; ; 
SIM_PROPERTY; VALUE_TYPE; B; n:1; A.R_VALUE_TYPE=B.OID; SIM_PROPERTY_TO_VALUE_TYPE; DB:script/db2/selectAssociations.sql; ; 
SIR; CARRIER; ; n:1; A.R_OWNER_VT=2003 AND A.R_OWNER=B.OID; SIR_TO_CARRIER; sir.bsh, property with BO as value; ; 
SIR; LOCALOPERATOR; ; n:1; A.R_PRODUCER_VT=2005 AND A.R_PRODUCER=B.OID; SIR_TO_LOCALOPERATOR; sir.bsh, property with BO as value; ; 
SIR; PRODUCT_MAP; ; n:1; A.R_PRODUCT_VT=2046 AND A.R_PRODUCT=B.OID; SIR_TO_PRODUCT_MAP; sir.bsh, property with BO as value; ; 
SIR; SERVICEUSER; ; n:1; A.R_RECEIVER_VT=2013 AND A.R_RECEIVER=B.OID; SIR_TO_SERVICEUSER; sir.bsh, property with BO as value; ; 
SIR; TARIFF; ; n:1; A.R_PRODUCT_VT=2030 AND A.R_PRODUCT=B.OID; SIR_TO_TARIFF; sir.bsh, property with BO as value; ; 
SIR; VALUE_TYPE; B; n:1; A.R_CONTRACT_VT=B.OID; SIR_TO_VALUE_TYPE; DB:script/db2/selectAssociations.sql; ; 
SIR; VALUE_TYPE; B; n:1; A.R_PRODUCT_VT=B.OID; SIR_TO_VALUE_TYPE_1; DB:script/db2/selectAssociations.sql; ; 
SIR; VALUE_TYPE; B; n:1; A.R_RECEIVER_VT=B.OID; SIR_TO_VALUE_TYPE_2; DB:script/db2/selectAssociations.sql; ; 
SIR; VALUE_TYPE; B; n:1; A.R_OWNER_VT=B.OID; SIR_TO_VALUE_TYPE_3; DB:script/db2/selectAssociations.sql; ; 
SIR; VALUE_TYPE; B; n:1; A.R_PRODUCER_VT=B.OID; SIR_TO_VALUE_TYPE_4; DB:script/db2/selectAssociations.sql; ; 
SIR_ACCOUNTING_REF; MOVEMENT; ; n:1; A.R_VT_ACCOUNT_ENTRY=2025 AND A.R_ACCOUNT_ENTRY=B.OID; SIR_ACCOUNTING_REF_TO_MOVEMENT; siraccountingref.bsh, property with BO as value; ; 
SIR_ACCOUNTING_REF; SIR_AGING; B; n:1; A.R_SIR=B.OID; SIR_ACCOUNTING_REF_TO_SIR_AGING; DB:script/db2/selectAssociations.sql; ; 
SIR_ACCOUNTING_REF; VALUE_TYPE; B; n:1; A.R_VT_ACCOUNT_ENTRY=B.OID; SIR_ACCOUNTING_REF_TO_VALUE_TYPE; DB:script/db2/selectAssociations.sql; ; 
SIR_AGING; CARRIER; ; n:1; A.R_VT_OWNER=2003 AND A.R_BE_OWNER=B.OID; SIR_AGING_TO_CARRIER; siraging.bsh, property with BO as value; ; 
SIR_AGING; INVOICE; B; n:1; A.R_INVOICE=B.OID; SIR_AGING_TO_INVOICE; DB:script/db2/selectAssociations.sql; ; 
SIR_AGING; LOCALOPERATOR; ; n:1; A.R_VT_INVOICER=2005 AND A.R_BE_INVOICER=B.OID; SIR_AGING_TO_LOCALOPERATOR; siraging.bsh, property with BO as value; ; 
SIR_AGING; SERVICEUSER; ; n:1; A.R_VT_DRAWEE=2013 AND A.R_BE_DRAWEE=B.OID; SIR_AGING_TO_SERVICEUSER; siraging.bsh, property with BO as value; ; 
SIR_AGING; VALUE_TYPE; B; n:1; A.R_VT_INVOICER=B.OID; SIR_AGING_TO_VALUE_TYPE; DB:script/db2/selectAssociations.sql; ; 
SIR_AGING; VALUE_TYPE; B; n:1; A.R_VT_OWNER=B.OID; SIR_AGING_TO_VALUE_TYPE_1; DB:script/db2/selectAssociations.sql; ; 
SIR_AGING; VALUE_TYPE; B; n:1; A.R_VT_DRAWEE=B.OID; SIR_AGING_TO_VALUE_TYPE_2; DB:script/db2/selectAssociations.sql; ; 
SIR_AGING; VAT; B; n:1; A.R_VAT=B.OID; SIR_AGING_TO_VAT; DB:script/db2/selectAssociations.sql; ; 
SIR_CHANGE; ACQUIRER; ; n:1; A.R_SOURCE_BE_VT=9057 AND A.R_SOURCE_BE=B.OID; SIR_CHANGE_TO_ACQUIRER; sir_change.bsh, property with BO as value; ; 
SIR_CHANGE; BANK; ; n:1; A.R_SOURCE_BE_VT=2001 AND A.R_SOURCE_BE=B.OID; SIR_CHANGE_TO_BANK; sir_change.bsh, property with BO as value; ; 
SIR_CHANGE; COLLECTIONSERVICE; ; n:1; A.R_SOURCE_BE_VT=2011 AND A.R_SOURCE_BE=B.OID; SIR_CHANGE_TO_COLLECTIONSERVICE; sir_change.bsh, property with BO as value; ; 
SIR_CHANGE; LOCALOPERATOR; ; n:1; A.R_SOURCE_BE_VT=2005 AND A.R_SOURCE_BE=B.OID; SIR_CHANGE_TO_LOCALOPERATOR; sir_change.bsh, property with BO as value; ; 
SIR_CHANGE; MOP; ; n:1; A.R_SOURCE_BE_VT=2007 AND A.R_SOURCE_BE=B.OID; SIR_CHANGE_TO_MOP; sir_change.bsh, property with BO as value; ; 
SIR_CHANGE; MOVEMENT; ; n:1; A.R_ACCOUNT_ENTRY_REF_VT=2025 AND A.R_ACCOUNT_ENTRY_REF=B.OID; SIR_CHANGE_TO_MOVEMENT_1; sir_change.bsh, property with BO as value; ; 
SIR_CHANGE; MOVEMENT; B; n:1; A.R_ACCOUNT_ENTRY_REF=B.OID; SIR_CHANGE_TO_MOVEMENT; DB:script/db2/selectAssociations.sql; ; 
SIR_CHANGE; SIR; B; n:1; A.R_SIR=B.OID; SIR_CHANGE_TO_SIR; DB:script/db2/selectAssociations.sql; ; 
SIR_CHANGE; SIR_CHANGE; ; n:1; A.R_CANCELLED_SIR_CHANGE=B.OID; SIR_CHANGE_TO_SIR_CHANGE; sir_change.bsh; ; 
SIR_CHANGE; VALUE_TYPE; B; n:1; A.R_ACCOUNT_ENTRY_REF_VT=B.OID; SIR_CHANGE_TO_VALUE_TYPE; DB:script/db2/selectAssociations.sql; ; 
SIR_CHANGE; VALUE_TYPE; B; n:1; A.R_SOURCE_BE_VT=B.OID; SIR_CHANGE_TO_VALUE_TYPE_1; DB:script/db2/selectAssociations.sql; ; 
SIR_CHANGE_PROPERTY; SIR_CHANGE; B; n:1; A.R_SIR_CHANGE=B.OID; SIR_CHANGE_PROPERTY_TO_SIR_CHANGE; DB:script/db2/selectAssociations.sql; ; 
SIR_CHANGE_PROPERTY; VALUE_TYPE; B; n:1; A.R_VALUE_TYPE=B.OID; SIR_CHANGE_PROPERTY_TO_VALUE_TYPE; DB:script/db2/selectAssociations.sql; ; 
SIR_PROPERTY; SIR; B; n:1; A.R_SIR=B.OID; SIR_PROPERTY_TO_SIR; DB:script/db2/selectAssociations.sql; ; 
SIR_PROPERTY; VALUE_TYPE; B; n:1; A.R_VALUE_TYPE=B.OID; SIR_PROPERTY_TO_VALUE_TYPE; DB:script/db2/selectAssociations.sql; ; 
SIR_STATE; BANK; ; n:1; A.R_SOURCE_VT=2001 AND A.R_SOURCE=B.OID; SIR_STATE_TO_BANK; sirstate.bsh, property with BO as value; ; 
SIR_STATE; COLLECTIONSERVICE; ; n:1; A.R_SOURCE_VT=2011 AND A.R_SOURCE=B.OID; SIR_STATE_TO_COLLECTIONSERVICE; sirstate.bsh, property with BO as value; ; 
SIR_STATE; LOCALOPERATOR; ; n:1; A.R_SOURCE_VT=2005 AND A.R_SOURCE=B.OID; SIR_STATE_TO_LOCALOPERATOR; sirstate.bsh, property with BO as value; ; 
SIR_STATE; SIR; B; n:1; A.R_SIR=B.OID; SIR_STATE_TO_SIR; DB:script/db2/selectAssociations.sql; ; 
SIR_STATE; VALUE_TYPE; B; n:1; A.R_SOURCE_VT=B.OID; SIR_STATE_TO_VALUE_TYPE; DB:script/db2/selectAssociations.sql; ; 
SOURCE_PHONE_NUMBER; SERVICEUSER; B; n:1; A.R_SERVICEUSER=B.OID; SOURCE_PHONE_NUMBER_TO_SERVICEUSER; DB:script/db2/selectAssociations.sql; ; 
SPI_MOBILE_ORDER; INVOICECONTRACT; B; n:1; A.R_INVOICE_CONTRACT=B.OID; SPI_MOBILE_ORDER_TO_INVOICECONTRACT; DB:script/db2/selectAssociations.sql; ; 
SPI_MOBILE_ORDER; MSISDN; B; n:1; A.R_PRIMARY_MSISDN=B.OID; SPI_MOBILE_ORDER_TO_MSISDN; DB:script/db2/selectAssociations.sql; ; 
SPI_MOBILE_ORDER_PROPERTY; SPI_MOBILE_ORDER; B; n:1; A.R_SPI_MOBILE_ORDER=B.OID; SPI_MOBILE_ORDER_PROPERTY_TO_SPI_MOBILE_ORDER; DB:script/db2/selectAssociations.sql; ; 
SPI_MOBILE_ORDER_PROPERTY; VALUE_TYPE; B; n:1; A.R_VALUE_TYPE=B.OID; SPI_MOBILE_ORDER_PROPERTY_TO_VALUE_TYPE; DB:script/db2/selectAssociations.sql; ; 
STATUS_MODIFICATION_RECORD; VALUE_TYPE; ; n:1; A.R_RECORD_REF_VT=B.OID; STATUS_MODIFICATION_RECORD_TO_VALUE_TYPE; statusmodificationrecord.bsh; ; 
TARIFF; CARRIER; ; n:1; A.BE_TYPE_OWNER='C' AND A.R_BE_OWNER=B.OID; TARIFF_TO_CARRIER; tariff.bsh, ref to BE; ; 
TARIFF; CARRIER_GROUP; ; n:1; A.BE_TYPE_OWNER='G' AND A.R_BE_OWNER=B.OID; TARIFF_TO_CARRIER_GROUP; tariff.bsh, ref to BE; ; 
TARIFF; PROVIDER; ; n:1; A.BE_TYPE_OWNER='P' AND A.R_BE_OWNER=B.OID; TARIFF_TO_PROVIDER; tariff.bsh, ref to BE; ; 
TARIFF; SERVICE; B; n:1; A.R_SERVICE=B.OID; TARIFF_TO_SERVICE; DB:script/db2/selectAssociations.sql; ; 
TARIFF_PROPERTY; SERVICE; ; n:1; (CASE WHEN A.R_VALUE_TYPE=2028 THEN BIGINT(A.VALUE) ELSE NULL END)=B.OID AND RTRIM(CHAR(B.OID))=A.VALUE; TARIFF_PROPERTY_TO_SERVICE; tariff.bsh, property with BO as value; ; 
TARIFF_PROPERTY; TARIFF; B; n:1; A.R_TARIFF=B.OID; TARIFF_PROPERTY_TO_TARIFF; DB:script/db2/selectAssociations.sql; ; 
TARIFF_PROPERTY; VALUE_TYPE; B; n:1; A.R_VALUE_TYPE=B.OID; TARIFF_PROPERTY_TO_VALUE_TYPE; DB:script/db2/selectAssociations.sql; ; 
TARIFF_PROPERTY; YELLEX_TARIFF_STRUCTURE; ; n:1; (CASE WHEN A.R_VALUE_TYPE=2090 THEN BIGINT(A.VALUE) ELSE NULL END)=B.OID AND RTRIM(CHAR(B.OID))=A.VALUE; TARIFF_PROPERTY_TO_YELLEX_TARIFF_STRUCTURE; tariff.bsh, property with BO as value; ; 
TICKET; CRM_CLIENT; B; n:1; A.R_CRM_CLIENT=B.OID; TICKET_TO_CRM_CLIENT; DB:script/db2/selectAssociations.sql; ; 
TICKET; SERVICEUSER; ; n:1; A.R_BE_TYPE=2013 AND A.R_BE=B.OID; TICKET_TO_SERVICEUSER; ticket.bsh, property with BO as value; ; 
TICKET_INFO_PROPERTY; TICKET_INFO; B; n:1; A.R_TICKET_INFO=B.OID; TICKET_INFO_PROPERTY_TO_TICKET_INFO; DB:script/db2/selectAssociations.sql; ; 
TICKET_INFO_PROPERTY; VALUE_TYPE; B; n:1; A.R_VALUE_TYPE=B.OID; TICKET_INFO_PROPERTY_TO_VALUE_TYPE; DB:script/db2/selectAssociations.sql; ; 
TICKET_PROPERTY; TICKET; B; n:1; A.R_TICKET=B.OID; TICKET_PROPERTY_TO_TICKET; DB:script/db2/selectAssociations.sql; ; 
TICKET_PROPERTY; VALUE_TYPE; B; n:1; A.R_VALUE_TYPE=B.OID; TICKET_PROPERTY_TO_VALUE_TYPE; DB:script/db2/selectAssociations.sql; ; 
TICKET_REASON_CODE_PROPERTY; TICKET_REASON_CODE; B; n:1; A.R_TICKET_REASON_CODE=B.OID; TICKET_REASON_CODE_PROPERTY_TO_TICKET_REASON_CODE; DB:script/db2/selectAssociations.sql; ; 
TICKET_REASON_CODE_PROPERTY; VALUE_TYPE; B; n:1; A.R_VALUE_TYPE=B.OID; TICKET_REASON_CODE_PROPERTY_TO_VALUE_TYPE; DB:script/db2/selectAssociations.sql; ; 
TICKET_UPDATE; TICKET; B; n:1; A.R_TICKET=B.OID; TICKET_UPDATE_TO_TICKET; DB:script/db2/selectAssociations.sql; ; 
TICKET_UPDATE_PROPERTY; TICKET_UPDATE; B; n:1; A.R_TICKET_UPDATE=B.OID; TICKET_UPDATE_PROPERTY_TO_TICKET_UPDATE; DB:script/db2/selectAssociations.sql; ; 
TICKET_UPDATE_PROPERTY; VALUE_TYPE; B; n:1; A.R_VALUE_TYPE=B.OID; TICKET_UPDATE_PROPERTY_TO_VALUE_TYPE; DB:script/db2/selectAssociations.sql; ; 
TIME_ZONE; RATINGCONTRACT; B; n:1; A.R_RATING_CONTRACT=B.OID; TIME_ZONE_TO_RATINGCONTRACT; DB:script/db2/selectAssociations.sql; ; 
TIME_ZONE_PROPERTY; TIME_ZONE; B; n:1; A.R_TIME_ZONE=B.OID; TIME_ZONE_PROPERTY_TO_TIME_ZONE; DB:script/db2/selectAssociations.sql; ; 
TIME_ZONE_PROPERTY; VALUE_TYPE; B; n:1; A.R_VALUE_TYPE=B.OID; TIME_ZONE_PROPERTY_TO_VALUE_TYPE; DB:script/db2/selectAssociations.sql; ; 
USAGE_LIMITED_REASON; INVOICECONTRACT; B; n:1; A.R_INVOICECONTRACT=B.OID; USAGE_LIMITED_REASON_TO_INVOICECONTRACT; DB:script/db2/selectAssociations.sql; ; 
USAGE_LIMITED_REASON_PROPERTY; USAGE_LIMITED_REASON; B; n:1; A.R_USAGE_LIMITED_REASON=B.OID; USAGE_LIMITED_REASON_PROPERTY_TO_USAGE_LIMITED_REASON; DB:script/db2/selectAssociations.sql; ; 
USAGE_LIMITED_REASON_PROPERTY; VALUE_TYPE; B; n:1; A.R_VALUE_TYPE=B.OID; USAGE_LIMITED_REASON_PROPERTY_TO_VALUE_TYPE; DB:script/db2/selectAssociations.sql; ; 
USER_RIGHT_PROPERTY; USER_RIGHT; B; n:1; A.R_USER_RIGHT=B.OID; USER_RIGHT_PROPERTY_TO_USER_RIGHT; DB:script/db2/selectAssociations.sql; ; 
USER_RIGHT_PROPERTY; VALUE_TYPE; B; n:1; A.R_VALUE_TYPE=B.OID; USER_RIGHT_PROPERTY_TO_VALUE_TYPE; DB:script/db2/selectAssociations.sql; ; 
USER_ROLE_PROPERTY; USER_ROLE; B; n:1; A.R_USER_ROLE=B.OID; USER_ROLE_PROPERTY_TO_USER_ROLE; DB:script/db2/selectAssociations.sql; ; 
USER_ROLE_PROPERTY; VALUE_TYPE; B; n:1; A.R_VALUE_TYPE=B.OID; USER_ROLE_PROPERTY_TO_VALUE_TYPE; DB:script/db2/selectAssociations.sql; ; 
VIP_CUSTOMER_RECORD; VALUE_TYPE; B; n:1; A.R_RECORD_REF_VT=B.OID; VIP_CUSTOMER_RECORD_TO_VALUE_TYPE; DB:script/db2/selectAssociations.sql; ; 
VIP_CUSTOMER_RECORD_PROPERTY; VALUE_TYPE; B; n:1; A.R_VALUE_TYPE=B.OID; VIP_CUSTOMER_RECORD_PROPERTY_TO_VALUE_TYPE; DB:script/db2/selectAssociations.sql; ; 
VIP_CUSTOMER_RECORD_PROPERTY; VIP_CUSTOMER_RECORD; B; n:1; A.R_VIP_CUSTOMER_RECORD=B.OID; VIP_CUSTOMER_RECORD_PROPERTY_TO_VIP_CUSTOMER_RECORD; DB:script/db2/selectAssociations.sql; ; 
VOLUME_ZONE; RATINGCONTRACT; B; n:1; A.R_RATING_CONTRACT=B.OID; VOLUME_ZONE_TO_RATINGCONTRACT; DB:script/db2/selectAssociations.sql; ; 
VOLUME_ZONE_PROPERTY; VALUE_TYPE; B; n:1; A.R_VALUE_TYPE=B.OID; VOLUME_ZONE_PROPERTY_TO_VALUE_TYPE; DB:script/db2/selectAssociations.sql; ; 
VOLUME_ZONE_PROPERTY; VOLUME_ZONE; B; n:1; A.R_VOLUME_ZONE=B.OID; VOLUME_ZONE_PROPERTY_TO_VOLUME_ZONE; DB:script/db2/selectAssociations.sql; ; 
VOUCHER; ACQUIRER; ; n:1; A.BE_TYPE_XACTION_SOURCE='A' AND A.R_BE_XACTION_SOURCE=B.OID; VOUCHER_TO_ACQUIRER; voucher.bsh, ref to BE; ; 
VOUCHER; BANK; ; n:1; A.BE_TYPE_XACTION_SOURCE='B' AND A.R_BE_XACTION_SOURCE=B.OID; VOUCHER_TO_BANK; voucher.bsh, ref to BE; ; 
VOUCHER; CARRIER; ; n:1; A.BE_TYPE_XACTION_SOURCE='C' AND A.R_BE_XACTION_SOURCE=B.OID; VOUCHER_TO_CARRIER; voucher.bsh, ref to BE; ; 
VOUCHER; COLCONTRACT; ; n:1; A.CONTRACT_TYPE='C' and A.R_CONTRACT=B.OID; A9; ; 
VOUCHER; COLLECTIONSERVICE; ; n:1; A.BE_TYPE_XACTION_SOURCE='S' AND A.R_BE_XACTION_SOURCE=B.OID; VOUCHER_TO_COLLECTIONSERVICE; voucher.bsh, ref to BE; ; 
VOUCHER; INVOICE; ; n:1; A.XACTION_SOURCE_MASTER_ID=B.NO AND (B.INV_DATE=A.XACTION_DATE OR B.INV_DATE=A.XACTION_DUE_DATE) AND A.XACTION_SOURCE_MASTER_TYPE in ('ACOREUS INV NO', 'INVOICE NO', 'PRE DUNNING REF NO'); A10; ; 
VOUCHER; INVOICE; ; n:1; A.XACTION_SOURCE_VOUCHER_ID=B.NO AND (B.INV_DATE=A.XACTION_DATE OR B.INV_DATE=A.XACTION_DUE_DATE) AND A.XACTION_SOURCE_VOUCHER_TYPE in ('ACOREUS INV NO', 'INVOICE NO', 'PRE DUNNING REF NO'); A11; ; 
VOUCHER; INVOICECONTRACT; ; n:1; A.CONTRACT_TYPE='I' and A.R_CONTRACT=B.OID; A12; ; 
VOUCHER; INVOICE_DATA; ; n:1; (CASE WHEN A.XACTION_SOURCE_VOUCHER_TYPE = 'INVOICE DATA OID' THEN BIGINT(A.XACTION_SOURCE_VOUCHER_ID) ELSE null END)=B.OID AND A.XACTION_SOURCE_VOUCHER_ID=RTRIM(CHAR(B.OID)); A13; ; 
VOUCHER; INVOICE_DATA; ; n:1; (CASE WHEN A.XACTION_SOURCE_MEDIA_TYPE = 'INVOICE DATA OID' THEN BIGINT(A.XACTION_SOURCE_MEDIA_ID) ELSE null END)=B.OID AND A.XACTION_SOURCE_VOUCHER_ID=RTRIM(CHAR(B.OID)); A14; ; 
VOUCHER; LOCALOPERATOR; ; n:1; A.BE_TYPE_XACTION_SOURCE='L' AND A.R_BE_XACTION_SOURCE=B.OID; VOUCHER_TO_LOCALOPERATOR; voucher.bsh, ref to BE; ; 
VOUCHER; MOP; ; n:1; A.BE_TYPE_XACTION_SOURCE='M' AND A.R_BE_XACTION_SOURCE=B.OID; VOUCHER_TO_MOP; voucher.bsh, ref to BE; ; 
VOUCHER; MOVEMENT; ; n:1; (CASE WHEN A.XACTION_SOURCE_MEDIA_TYPE = 'BELEGNUMMER_TEILFORDERUNG' THEN INT(A.XACTION_SOURCE_MASTER_ID) ELSE null END)=B.MOVEMENT_ID AND A.XACTION_SOURCE_MASTER_ID=RTRIM(CHAR(B.MOVEMENT_ID)); A15; ; 
VOUCHER; PRE_DUNNING_REFERENCE; ; n:1; (CASE WHEN A.XACTION_SOURCE_VOUCHER_TYPE = 'PRE DUNNING REF NO' THEN INT(SUBSTR(A.XACTION_SOURCE_VOUCHER_ID, 5)) ELSE null END)=B.REFERENCE_ID AND SUBSTR(A.XACTION_SOURCE_VOUCHER_ID, 1, 3)=B.PREFIX AND B.PREFIX || ' ' || RTRIM(CHAR(B.REFERENCE_ID))=A.XACTION_SOURCE_VOUCHER_ID; A16; ; 
VOUCHER; RATINGCONTRACT; ; n:1; A.CONTRACT_TYPE='R' and A.R_CONTRACT=B.OID; A17; ; 
VOUCHER; SERVICECONTRACT; ; n:1; A.CONTRACT_TYPE='S' and A.R_CONTRACT=B.OID; A18; ; 
VOUCHER; VOUCHER; ; n:1; (CASE WHEN A.XACTION_SOURCE_VOUCHER_TYPE in ('BT-LOC-INV-POS','BT-ACO-DEB-ORD','BT-ACO-BNK-CRD','BT-ACO-INV-POS','BT-ACO-OCH-CNS','BT-VNB-DUN-POS') THEN INT(A.XACTION_SOURCE_VOUCHER_ID) ELSE null END)=B.VOUCHER_ID AND A.XACTION_SOURCE_VOUCHER_ID=RTRIM(CHAR(B.VOUCHER_ID)); A19; ; 
VOUCHER; VOUCHER; ; n:1; (CASE WHEN A.XACTION_SOURCE_MEDIA_TYPE in ('BT-ACO-CRD-POS','ACCOUNT POSTING','BT-ACO-PAY-CNS') THEN INT(A.XACTION_SOURCE_MEDIA_ID) ELSE null END)=B.VOUCHER_ID AND A.XACTION_SOURCE_MEDIA_ID=RTRIM(CHAR(B.VOUCHER_ID)); A20; ; 
VOUCHER; XBCCONTRACT; ; n:1; A.CONTRACT_TYPE='X' and A.R_CONTRACT=B.OID; A21; ; 
VOUCHER_VAL; VOUCHER; ; n:1; A.R_VOUCHER=B.OID; VOUCHER_VAL_TO_VOUCHER; voucherval.bsh; ; 
XBCCONTRACT; CARRIER; B; n:1; A.R_CARRIER=B.OID; XBCCONTRACT_TO_CARRIER; DB:script/db2/selectAssociations.sql; ; 
XBCCONTRACT; LOCALOPERATOR; B; n:1; A.R_LOCALOPERATOR=B.OID; XBCCONTRACT_TO_LOCALOPERATOR; DB:script/db2/selectAssociations.sql; ; 
XBCCONTRACT; PROVIDER; B; n:1; A.R_PROVIDER=B.OID; XBCCONTRACT_TO_PROVIDER; DB:script/db2/selectAssociations.sql; ; 
XBCCONTRACT; SERVICEUSER; B; n:1; A.R_SERVICEUSER=B.OID; XBCCONTRACT_TO_SERVICEUSER; DB:script/db2/selectAssociations.sql; ; 
XBCCONTRACT_PROPERTY; VALUE_TYPE; B; n:1; A.R_VALUE_TYPE=B.OID; XBCCONTRACT_PROPERTY_TO_VALUE_TYPE; DB:script/db2/selectAssociations.sql; ; 
YELLEX_CONTACT_PERSON; VALUE_TYPE; B; n:1; A.R_REF_BO_VT=B.OID; YELLEX_CONTACT_PERSON_TO_VALUE_TYPE; DB:script/db2/selectAssociations.sql; ; 
YELLEX_CONTACT_PERSON; YELLEX_LOCATION; ; n:1; A.R_REF_BO_VT=2086 AND A.R_REF_BO=B.OID; YELLEX_CONTACT_PERSON_TO_YELLEX_LOCATION; yellex_contact_person.bsh, property with BO as value; ; 
YELLEX_HOTSPOT; YELLEX_LOCATION; B; n:1; A.R_LOCATION=B.OID; YELLEX_HOTSPOT_TO_YELLEX_LOCATION; DB:script/db2/selectAssociations.sql; ; 
YELLEX_HOTSPOT_PROPERTY; VALUE_TYPE; B; n:1; A.R_VALUE_TYPE=B.OID; YELLEX_HOTSPOT_PROPERTY_TO_VALUE_TYPE; DB:script/db2/selectAssociations.sql; ; 
YELLEX_HOTSPOT_PROPERTY; YELLEX_HOTSPOT; B; n:1; A.R_YELLEX_HOTSPOT=B.OID; YELLEX_HOTSPOT_PROPERTY_TO_YELLEX_HOTSPOT; DB:script/db2/selectAssociations.sql; ; 
YELLEX_HOTSPOT_PROPERTY; YELLEX_RESELLER; ; n:1; (CASE WHEN A.R_VALUE_TYPE=2096 THEN BIGINT(A.VALUE) ELSE NULL END)=B.OID AND RTRIM(CHAR(B.OID))=A.VALUE; YELLEX_HOTSPOT_PROPERTY_TO_YELLEX_RESELLER; yellex_hotspot.bsh, property with BO as value; ; 
YELLEX_LOCATION; YELLEX_OPERATOR; B; n:1; A.R_OPERATOR=B.OID; YELLEX_LOCATION_TO_YELLEX_OPERATOR; DB:script/db2/selectAssociations.sql; ; 
YELLEX_LOCATION_PROPERTY; VALUE_TYPE; B; n:1; A.R_VALUE_TYPE=B.OID; YELLEX_LOCATION_PROPERTY_TO_VALUE_TYPE; DB:script/db2/selectAssociations.sql; ; 
YELLEX_LOCATION_PROPERTY; YELLEX_LOCATION; B; n:1; A.R_YELLEX_LOCATION=B.OID; YELLEX_LOCATION_PROPERTY_TO_YELLEX_LOCATION; DB:script/db2/selectAssociations.sql; ; 
YELLEX_OPERATOR; LOGIN; B; n:1; A.R_LOGIN=B.OID; YELLEX_OPERATOR_TO_LOGIN; DB:script/db2/selectAssociations.sql; ; 
YELLEX_OPERATOR; PROVIDER; B; n:1; A.R_AS_PROVIDER=B.OID; YELLEX_OPERATOR_TO_PROVIDER; DB:script/db2/selectAssociations.sql; ; 
YELLEX_OPERATOR; SERVICEUSER; B; n:1; A.R_AS_SERVICEUSER=B.OID; YELLEX_OPERATOR_TO_SERVICEUSER; DB:script/db2/selectAssociations.sql; ; 
YELLEX_OPERATOR_PROPERTY; BANK_ACCOUNT; ; n:1; (CASE WHEN A.R_VALUE_TYPE=2035 THEN BIGINT(A.VALUE) ELSE NULL END)=B.OID AND RTRIM(CHAR(B.OID))=A.VALUE; YELLEX_OPERATOR_PROPERTY_TO_BANK_ACCOUNT; yellex_operator.bsh, property with BO as value; ; 
YELLEX_OPERATOR_PROPERTY; VALUE_TYPE; B; n:1; A.R_VALUE_TYPE=B.OID; YELLEX_OPERATOR_PROPERTY_TO_VALUE_TYPE; DB:script/db2/selectAssociations.sql; ; 
YELLEX_OPERATOR_PROPERTY; YELLEX_OPERATOR; B; n:1; A.R_YELLEX_OPERATOR=B.OID; YELLEX_OPERATOR_PROPERTY_TO_YELLEX_OPERATOR; DB:script/db2/selectAssociations.sql; ; 
YELLEX_OPERATOR_PROPERTY; YELLEX_RESELLER; ; n:1; (CASE WHEN A.R_VALUE_TYPE=2096 THEN BIGINT(A.VALUE) ELSE NULL END)=B.OID AND RTRIM(CHAR(B.OID))=A.VALUE; YELLEX_OPERATOR_PROPERTY_TO_YELLEX_RESELLER; yellex_operator.bsh, property with BO as value; ; 
YELLEX_PREPAID_CARD; YELLEX_PREPAID_CARD_ORDER; B; n:1; A.R_PREPAID_CARD_ORDER=B.OID; YELLEX_PREPAID_CARD_TO_YELLEX_PREPAID_CARD_ORDER; DB:script/db2/selectAssociations.sql; ; 
YELLEX_PREPAID_CARD_ORDER; YELLEX_OPERATOR; B; n:1; A.R_OPERATOR=B.OID; YELLEX_PREPAID_CARD_ORDER_TO_YELLEX_OPERATOR; DB:script/db2/selectAssociations.sql; ; 
YELLEX_PREPAID_CARD_ORDER_PROPERTY; VALUE_TYPE; B; n:1; A.R_VALUE_TYPE=B.OID; YELLEX_PREPAID_CARD_ORDER_PROPERTY_TO_VALUE_TYPE; DB:script/db2/selectAssociations.sql; ; 
YELLEX_PREPAID_CARD_ORDER_PROPERTY; YELLEX_PREPAID_CARD_ORDER; B; n:1; A.R_YELLEX_PREPAID_CARD_ORDER=B.OID; YELLEX_PREPAID_CARD_ORDER_PROPERTY_TO_YELLEX_PREPAID_CARD_ORDER; DB:script/db2/selectAssociations.sql; ; 
YELLEX_PROMOTION_CODE; YELLEX_OPERATOR; B; n:1; A.R_OPERATOR=B.OID; YELLEX_PROMOTION_CODE_TO_YELLEX_OPERATOR; DB:script/db2/selectAssociations.sql; ; 
YELLEX_RESELLER; PROVIDER; B; n:1; A.R_AS_PROVIDER=B.OID; YELLEX_RESELLER_TO_PROVIDER; DB:script/db2/selectAssociations.sql; ; 
YELLEX_RESELLER; SERVICEUSER; B; n:1; A.R_AS_SERVICEUSER=B.OID; YELLEX_RESELLER_TO_SERVICEUSER; DB:script/db2/selectAssociations.sql; ; 
YELLEX_RESELLER; YELLEX_RESELLER; ; n:1; A.R_SUPER_RESELLER=B.OID; YELLEX_RESELLER_TO_YELLEX_RESELLER; yellex_reseller.bsh; ; 
YELLEX_RESELLER_PROPERTY; BANK_ACCOUNT; ; n:1; (CASE WHEN A.R_VALUE_TYPE=2035 THEN BIGINT(A.VALUE) ELSE NULL END)=B.OID AND RTRIM(CHAR(B.OID))=A.VALUE; YELLEX_RESELLER_PROPERTY_TO_BANK_ACCOUNT; yellex_reseller.bsh, property with BO as value; ; 
YELLEX_RESELLER_PROPERTY; VALUE_TYPE; B; n:1; A.R_VALUE_TYPE=B.OID; YELLEX_RESELLER_PROPERTY_TO_VALUE_TYPE; DB:script/db2/selectAssociations.sql; ; 
YELLEX_RPR_ACCUMULATION; CARRIER; ; n:1; A.R_OWNER_VT=2003 AND A.R_BE_OWNER=B.OID; YELLEX_RPR_ACCUMULATION_TO_CARRIER; yellex_rpr_accumulation.bsh, property with BO as value; ; 
YELLEX_RPR_ACCUMULATION; SERVICEUSER; ; n:1; A.R_RECEIVER_VT=2013 AND A.R_BE_RECEIVER=B.OID; YELLEX_RPR_ACCUMULATION_TO_SERVICEUSER; yellex_rpr_accumulation.bsh, property with BO as value; ; 
YELLEX_RPR_ACCUMULATION; TARIFF; B; n:1; A.R_TARIFF=B.OID; YELLEX_RPR_ACCUMULATION_TO_TARIFF; DB:script/db2/selectAssociations.sql; ; 
YELLEX_RPR_ACCUMULATION; VALUE_TYPE; B; n:1; A.R_RECEIVER_VT=B.OID; YELLEX_RPR_ACCUMULATION_TO_VALUE_TYPE; DB:script/db2/selectAssociations.sql; ; 
YELLEX_RPR_ACCUMULATION; VALUE_TYPE; B; n:1; A.R_OWNER_VT=B.OID; YELLEX_RPR_ACCUMULATION_TO_VALUE_TYPE_1; DB:script/db2/selectAssociations.sql; ; 
YELLEX_RPR_ACCUMULATION; VALUE_TYPE; B; n:1; A.R_CONTRACT_VT=B.OID; YELLEX_RPR_ACCUMULATION_TO_VALUE_TYPE_2; DB:script/db2/selectAssociations.sql; ; 
YELLEX_RPR_ACCUMULATION; VAT; B; n:1; A.R_VAT=B.OID; YELLEX_RPR_ACCUMULATION_TO_VAT; DB:script/db2/selectAssociations.sql; ; 
YELLEX_RPR_ACCUMULATION_PROPERTY; VALUE_TYPE; B; n:1; A.R_VALUE_TYPE=B.OID; YELLEX_RPR_ACCUMULATION_PROPERTY_TO_VALUE_TYPE; DB:script/db2/selectAssociations.sql; ; 
YELLEX_RPR_ACCUMULATION_PROPERTY; YELLEX_HOTSPOT; ; n:1; (CASE WHEN A.R_VALUE_TYPE=2088 THEN BIGINT(A.VALUE) ELSE NULL END)=B.OID AND RTRIM(CHAR(B.OID))=A.VALUE; YELLEX_RPR_ACCUMULATION_PROPERTY_TO_YELLEX_HOTSPOT; yellex_rpr_accumulation.bsh, property with BO as value; ; 
YELLEX_RPR_ACCUMULATION_PROPERTY; YELLEX_RPR_ACCUMULATION; B; n:1; A.R_YELLEX_RPR_ACCUMULATION=B.OID; YELLEX_RPR_ACCUMULATION_PROPERTY_TO_YELLEX_RPR_ACCUMULATION; DB:script/db2/selectAssociations.sql; ; 
YELLEX_TARIFF_STRUCTURE; YELLEX_LOCATION; ; n:1; A.R_LOCATION=B.OID; YELLEX_TARIFF_STRUCTURE_TO_YELLEX_LOCATION; yellextariffstructure.bsh; ; 
YELLEX_TARIFF_STRUCTURE; YELLEX_OPERATOR; B; n:1; A.R_OPERATOR=B.OID; YELLEX_TARIFF_STRUCTURE_TO_YELLEX_OPERATOR; DB:script/db2/selectAssociations.sql; ; 
YELLEX_USER; LOGIN; B; n:1; A.R_LOGIN=B.OID; YELLEX_USER_TO_LOGIN; DB:script/db2/selectAssociations.sql; ; 
YELLEX_USER; SERVICEUSER; B; n:1; A.R_AS_SERVICEUSER=B.OID; YELLEX_USER_TO_SERVICEUSER; DB:script/db2/selectAssociations.sql; ; 
YELLEX_USER; VALUE_TYPE; B; n:1; A.R_FROM_BE_VT=B.OID; YELLEX_USER_TO_VALUE_TYPE; DB:script/db2/selectAssociations.sql; ; 
YELLEX_USER; YELLEX_OPERATOR; ; n:1; A.R_FROM_BE_VT=2080 AND A.R_FROM_BE=B.OID; YELLEX_USER_TO_YELLEX_OPERATOR; yellexuser.bsh, property with BO as value; ; 
YELLEX_USER; YELLEX_RESELLER; ; n:1; A.R_FROM_BE_VT=2096 AND A.R_FROM_BE=B.OID; YELLEX_USER_TO_YELLEX_RESELLER; yellexuser.bsh, property with BO as value; ; 
YELLEX_USER_PROPERTY; BANK_ACCOUNT; ; n:1; (CASE WHEN A.R_VALUE_TYPE=2035 THEN BIGINT(A.VALUE) ELSE NULL END)=B.OID AND RTRIM(CHAR(B.OID))=A.VALUE; YELLEX_USER_PROPERTY_TO_BANK_ACCOUNT; yellexuser.bsh, property with BO as value; ; 
YELLEX_USER_PROPERTY; VALUE_TYPE; B; n:1; A.R_VALUE_TYPE=B.OID; YELLEX_USER_PROPERTY_TO_VALUE_TYPE; DB:script/db2/selectAssociations.sql; ; 
YELLEX_USER_PROPERTY; YELLEX_USER; B; n:1; A.R_YELLEX_USER=B.OID; YELLEX_USER_PROPERTY_TO_YELLEX_USER; DB:script/db2/selectAssociations.sql; ; 
